--快速初始化浙大的90多题的问卷
--初始化问卷信息表
delete niutal_wjdc_wjxxb where wjid = '68ce56cd-c0e9-4f2c-aefc-96af556b1a67';
commit;

insert into niutal_wjdc_wjxxb (WJID, WJMC, WJLX, WJZT, JSY, JWY, WJZF, CJR, CJSJ, GQSJ, FBLX, WJYXJ)values ('68ce56cd-c0e9-4f2c-aefc-96af556b1a67', '计算机学院本科毕业生调查问卷', '', 'RUN', '<CLOB>', '<CLOB>', '', '0918336', '20190606', '20200601', '', '1');
commit;

--初始化试题选项表
delete niutal_WJDC_WJSTXXB where wjid = '68ce56cd-c0e9-4f2c-aefc-96af556b1a67';
commit;

insert into niutal_WJDC_WJSTXXB (WJID, STID, XXID, XXMC, XXFZ, XSSX, TZSTID) values ('68ce56cd-c0e9-4f2c-aefc-96af556b1a67', 'stid_29', 'stid_29_xxid_1', '布置更多作业，并认真批改', '0', '1', null);
insert into niutal_WJDC_WJSTXXB (WJID, STID, XXID, XXMC, XXFZ, XSSX, TZSTID) values ('68ce56cd-c0e9-4f2c-aefc-96af556b1a67', 'stid_29', 'stid_29_xxid_2', '更新教学内容', '0', '2', null);
insert into niutal_WJDC_WJSTXXB (WJID, STID, XXID, XXMC, XXFZ, XSSX, TZSTID) values ('68ce56cd-c0e9-4f2c-aefc-96af556b1a67', 'stid_29', 'stid_29_xxid_3', '加强实验环节', '0', '3', null);
insert into niutal_WJDC_WJSTXXB (WJID, STID, XXID, XXMC, XXFZ, XSSX, TZSTID) values ('68ce56cd-c0e9-4f2c-aefc-96af556b1a67', 'stid_29', 'stid_29_xxid_4', '增强课后师生互动', '0', '4', null);
insert into niutal_WJDC_WJSTXXB (WJID, STID, XXID, XXMC, XXFZ, XSSX, TZSTID) values ('68ce56cd-c0e9-4f2c-aefc-96af556b1a67', 'stid_29', 'stid_29_xxid_5', '其他', '0', '5', null);
insert into niutal_WJDC_WJSTXXB (WJID, STID, XXID, XXMC, XXFZ, XSSX, TZSTID) values ('68ce56cd-c0e9-4f2c-aefc-96af556b1a67', 'stid_30', 'stid_30_xxid_0', '很大', '0', '0', null);
insert into niutal_WJDC_WJSTXXB (WJID, STID, XXID, XXMC, XXFZ, XSSX, TZSTID) values ('68ce56cd-c0e9-4f2c-aefc-96af556b1a67', 'stid_30', 'stid_30_xxid_1', '较大', '0', '1', null);
insert into niutal_WJDC_WJSTXXB (WJID, STID, XXID, XXMC, XXFZ, XSSX, TZSTID) values ('68ce56cd-c0e9-4f2c-aefc-96af556b1a67', 'stid_30', 'stid_30_xxid_2', '一般', '0', '2', null);
insert into niutal_WJDC_WJSTXXB (WJID, STID, XXID, XXMC, XXFZ, XSSX, TZSTID) values ('68ce56cd-c0e9-4f2c-aefc-96af556b1a67', 'stid_30', 'stid_30_xxid_3', '较小', '0', '3', null);
insert into niutal_WJDC_WJSTXXB (WJID, STID, XXID, XXMC, XXFZ, XSSX, TZSTID) values ('68ce56cd-c0e9-4f2c-aefc-96af556b1a67', 'stid_32', 'stid_32_xxid_0', '班主任', '0', '0', null);
insert into niutal_WJDC_WJSTXXB (WJID, STID, XXID, XXMC, XXFZ, XSSX, TZSTID) values ('68ce56cd-c0e9-4f2c-aefc-96af556b1a67', 'stid_32', 'stid_32_xxid_1', '年级辅导员', '0', '1', null);
insert into niutal_WJDC_WJSTXXB (WJID, STID, XXID, XXMC, XXFZ, XSSX, TZSTID) values ('68ce56cd-c0e9-4f2c-aefc-96af556b1a67', 'stid_32', 'stid_32_xxid_2', '本科教学办公室', '0', '2', null);
insert into niutal_WJDC_WJSTXXB (WJID, STID, XXID, XXMC, XXFZ, XSSX, TZSTID) values ('68ce56cd-c0e9-4f2c-aefc-96af556b1a67', 'stid_32', 'stid_32_xxid_3', '任课老师', '0', '3', null);
insert into niutal_WJDC_WJSTXXB (WJID, STID, XXID, XXMC, XXFZ, XSSX, TZSTID) values ('68ce56cd-c0e9-4f2c-aefc-96af556b1a67', 'stid_32', 'stid_32_xxid_4', '网络', '0', '4', null);
insert into niutal_WJDC_WJSTXXB (WJID, STID, XXID, XXMC, XXFZ, XSSX, TZSTID) values ('68ce56cd-c0e9-4f2c-aefc-96af556b1a67', 'stid_33', 'stid_33_xxid_0', '很满意', '0', '0', null);
insert into niutal_WJDC_WJSTXXB (WJID, STID, XXID, XXMC, XXFZ, XSSX, TZSTID) values ('68ce56cd-c0e9-4f2c-aefc-96af556b1a67', 'stid_33', 'stid_33_xxid_1', '满意', '0', '1', null);
insert into niutal_WJDC_WJSTXXB (WJID, STID, XXID, XXMC, XXFZ, XSSX, TZSTID) values ('68ce56cd-c0e9-4f2c-aefc-96af556b1a67', 'stid_33', 'stid_33_xxid_2', '基本满意', '0', '2', null);
insert into niutal_WJDC_WJSTXXB (WJID, STID, XXID, XXMC, XXFZ, XSSX, TZSTID) values ('68ce56cd-c0e9-4f2c-aefc-96af556b1a67', 'stid_33', 'stid_33_xxid_3', '不太满意', '0', '3', null);
insert into niutal_WJDC_WJSTXXB (WJID, STID, XXID, XXMC, XXFZ, XSSX, TZSTID) values ('68ce56cd-c0e9-4f2c-aefc-96af556b1a67', 'stid_33', 'stid_33_xxid_4', '很不满意', '0', '4', null);
insert into niutal_WJDC_WJSTXXB (WJID, STID, XXID, XXMC, XXFZ, XSSX, TZSTID) values ('68ce56cd-c0e9-4f2c-aefc-96af556b1a67', 'stid_35', 'stid_35_xxid_0', '非常关心', '0', '0', null);
insert into niutal_WJDC_WJSTXXB (WJID, STID, XXID, XXMC, XXFZ, XSSX, TZSTID) values ('68ce56cd-c0e9-4f2c-aefc-96af556b1a67', 'stid_35', 'stid_35_xxid_1', '比较关心', '0', '1', null);
insert into niutal_WJDC_WJSTXXB (WJID, STID, XXID, XXMC, XXFZ, XSSX, TZSTID) values ('68ce56cd-c0e9-4f2c-aefc-96af556b1a67', 'stid_35', 'stid_35_xxid_2', '不太关心', '0', '2', null);
insert into niutal_WJDC_WJSTXXB (WJID, STID, XXID, XXMC, XXFZ, XSSX, TZSTID) values ('68ce56cd-c0e9-4f2c-aefc-96af556b1a67', 'stid_35', 'stid_35_xxid_3', '不关心', '0', '3', null);
insert into niutal_WJDC_WJSTXXB (WJID, STID, XXID, XXMC, XXFZ, XSSX, TZSTID) values ('68ce56cd-c0e9-4f2c-aefc-96af556b1a67', 'stid_36', 'stid_36_xxid_0', '非常关心', '0', '0', null);
insert into niutal_WJDC_WJSTXXB (WJID, STID, XXID, XXMC, XXFZ, XSSX, TZSTID) values ('68ce56cd-c0e9-4f2c-aefc-96af556b1a67', 'stid_36', 'stid_36_xxid_1', '比较关心', '0', '1', null);
insert into niutal_WJDC_WJSTXXB (WJID, STID, XXID, XXMC, XXFZ, XSSX, TZSTID) values ('68ce56cd-c0e9-4f2c-aefc-96af556b1a67', 'stid_36', 'stid_36_xxid_2', '不太关心', '0', '2', null);
insert into niutal_WJDC_WJSTXXB (WJID, STID, XXID, XXMC, XXFZ, XSSX, TZSTID) values ('68ce56cd-c0e9-4f2c-aefc-96af556b1a67', 'stid_36', 'stid_36_xxid_3', '不关心', '0', '3', null);
insert into niutal_WJDC_WJSTXXB (WJID, STID, XXID, XXMC, XXFZ, XSSX, TZSTID) values ('68ce56cd-c0e9-4f2c-aefc-96af556b1a67', 'stid_37', 'stid_37_xxid_0', '很大', '0', '0', null);
insert into niutal_WJDC_WJSTXXB (WJID, STID, XXID, XXMC, XXFZ, XSSX, TZSTID) values ('68ce56cd-c0e9-4f2c-aefc-96af556b1a67', 'stid_37', 'stid_37_xxid_1', '比较大', '0', '1', null);
insert into niutal_WJDC_WJSTXXB (WJID, STID, XXID, XXMC, XXFZ, XSSX, TZSTID) values ('68ce56cd-c0e9-4f2c-aefc-96af556b1a67', 'stid_37', 'stid_37_xxid_2', '一般', '0', '2', null);
insert into niutal_WJDC_WJSTXXB (WJID, STID, XXID, XXMC, XXFZ, XSSX, TZSTID) values ('68ce56cd-c0e9-4f2c-aefc-96af556b1a67', 'stid_37', 'stid_37_xxid_3', '比较少', '0', '3', null);
insert into niutal_WJDC_WJSTXXB (WJID, STID, XXID, XXMC, XXFZ, XSSX, TZSTID) values ('68ce56cd-c0e9-4f2c-aefc-96af556b1a67', 'stid_37', 'stid_37_xxid_4', '很少', '0', '4', null);
insert into niutal_WJDC_WJSTXXB (WJID, STID, XXID, XXMC, XXFZ, XSSX, TZSTID) values ('68ce56cd-c0e9-4f2c-aefc-96af556b1a67', 'stid_38', 'stid_38_xxid_0', '非常好', '0', '0', null);
insert into niutal_WJDC_WJSTXXB (WJID, STID, XXID, XXMC, XXFZ, XSSX, TZSTID) values ('68ce56cd-c0e9-4f2c-aefc-96af556b1a67', 'stid_38', 'stid_38_xxid_1', '比较好', '0', '1', null);
insert into niutal_WJDC_WJSTXXB (WJID, STID, XXID, XXMC, XXFZ, XSSX, TZSTID) values ('68ce56cd-c0e9-4f2c-aefc-96af556b1a67', 'stid_38', 'stid_38_xxid_2', '一般', '0', '2', null);
insert into niutal_WJDC_WJSTXXB (WJID, STID, XXID, XXMC, XXFZ, XSSX, TZSTID) values ('68ce56cd-c0e9-4f2c-aefc-96af556b1a67', 'stid_38', 'stid_38_xxid_3', '比较差', '0', '3', null);
insert into niutal_WJDC_WJSTXXB (WJID, STID, XXID, XXMC, XXFZ, XSSX, TZSTID) values ('68ce56cd-c0e9-4f2c-aefc-96af556b1a67', 'stid_38', 'stid_38_xxid_4', '很差', '0', '4', null);
insert into niutal_WJDC_WJSTXXB (WJID, STID, XXID, XXMC, XXFZ, XSSX, TZSTID) values ('68ce56cd-c0e9-4f2c-aefc-96af556b1a67', 'stid_39', 'stid_39_xxid_0', '十分到位', '0', '0', null);
insert into niutal_WJDC_WJSTXXB (WJID, STID, XXID, XXMC, XXFZ, XSSX, TZSTID) values ('68ce56cd-c0e9-4f2c-aefc-96af556b1a67', 'stid_39', 'stid_39_xxid_1', '基本到位', '0', '1', null);
insert into niutal_WJDC_WJSTXXB (WJID, STID, XXID, XXMC, XXFZ, XSSX, TZSTID) values ('68ce56cd-c0e9-4f2c-aefc-96af556b1a67', 'stid_39', 'stid_39_xxid_2', '不到位', '0', '2', null);
insert into niutal_WJDC_WJSTXXB (WJID, STID, XXID, XXMC, XXFZ, XSSX, TZSTID)values ('68ce56cd-c0e9-4f2c-aefc-96af556b1a67', 'stid_39', 'stid_39_xxid_3', '不了解', '0', '3', null);
insert into niutal_WJDC_WJSTXXB (WJID, STID, XXID, XXMC, XXFZ, XSSX, TZSTID)values ('68ce56cd-c0e9-4f2c-aefc-96af556b1a67', 'stid_42', 'stid_42_xxid_0', '很重视', '0', '0', null);
insert into niutal_WJDC_WJSTXXB (WJID, STID, XXID, XXMC, XXFZ, XSSX, TZSTID)values ('68ce56cd-c0e9-4f2c-aefc-96af556b1a67', 'stid_42', 'stid_42_xxid_1', '比较重视', '0', '1', null);
insert into niutal_WJDC_WJSTXXB (WJID, STID, XXID, XXMC, XXFZ, XSSX, TZSTID)values ('68ce56cd-c0e9-4f2c-aefc-96af556b1a67', 'stid_42', 'stid_42_xxid_2', '一般', '0', '2', null);
insert into niutal_WJDC_WJSTXXB (WJID, STID, XXID, XXMC, XXFZ, XSSX, TZSTID)values ('68ce56cd-c0e9-4f2c-aefc-96af556b1a67', 'stid_42', 'stid_42_xxid_3', '一点都不重视', '0', '3', null);
insert into niutal_WJDC_WJSTXXB (WJID, STID, XXID, XXMC, XXFZ, XSSX, TZSTID)values ('68ce56cd-c0e9-4f2c-aefc-96af556b1a67', 'stid_43', 'stid_43_xxid_0', '实验后进行认真总结，非常认真完成实验报告', '0', '0', null);
insert into niutal_WJDC_WJSTXXB (WJID, STID, XXID, XXMC, XXFZ, XSSX, TZSTID)values ('68ce56cd-c0e9-4f2c-aefc-96af556b1a67', 'stid_43', 'stid_43_xxid_1', '实验后进行简单总结，认真完成实验报告', '0', '1', null);
insert into niutal_WJDC_WJSTXXB (WJID, STID, XXID, XXMC, XXFZ, XSSX, TZSTID)values ('68ce56cd-c0e9-4f2c-aefc-96af556b1a67', 'stid_43', 'stid_43_xxid_2', '实验后不总结，马马虎虎完成实验报告', '0', '2', null);
insert into niutal_WJDC_WJSTXXB (WJID, STID, XXID, XXMC, XXFZ, XSSX, TZSTID)values ('68ce56cd-c0e9-4f2c-aefc-96af556b1a67', 'stid_43', 'stid_43_xxid_3', '实验后不总结，实验报告自己不写而借鉴别人的', '0', '3', null);
insert into niutal_WJDC_WJSTXXB (WJID, STID, XXID, XXMC, XXFZ, XSSX, TZSTID)values ('68ce56cd-c0e9-4f2c-aefc-96af556b1a67', 'stid_44', 'stid_44_xxid_0', '我认为自己学习很努力，学得也不错', '0', '0', null);
insert into niutal_WJDC_WJSTXXB (WJID, STID, XXID, XXMC, XXFZ, XSSX, TZSTID)values ('68ce56cd-c0e9-4f2c-aefc-96af556b1a67', 'stid_44', 'stid_44_xxid_1', '我认为自己很努力，但成绩不好', '0', '1', null);
insert into niutal_WJDC_WJSTXXB (WJID, STID, XXID, XXMC, XXFZ, XSSX, TZSTID)values ('68ce56cd-c0e9-4f2c-aefc-96af556b1a67', 'stid_44', 'stid_44_xxid_2', '我认为自己比较轻松，但成绩还好', '0', '2', null);
insert into niutal_WJDC_WJSTXXB (WJID, STID, XXID, XXMC, XXFZ, XSSX, TZSTID)values ('68ce56cd-c0e9-4f2c-aefc-96af556b1a67', 'stid_44', 'stid_44_xxid_3', '我不太努力，成绩也不好', '0', '3', null);
insert into niutal_WJDC_WJSTXXB (WJID, STID, XXID, XXMC, XXFZ, XSSX, TZSTID)values ('68ce56cd-c0e9-4f2c-aefc-96af556b1a67', 'stid_44', 'stid_44_xxid_4', '其他', '0', '4', null);
insert into niutal_WJDC_WJSTXXB (WJID, STID, XXID, XXMC, XXFZ, XSSX, TZSTID)values ('68ce56cd-c0e9-4f2c-aefc-96af556b1a67', 'stid_45', 'stid_45_xxid_0', '很好', '0', '0', null);
insert into niutal_WJDC_WJSTXXB (WJID, STID, XXID, XXMC, XXFZ, XSSX, TZSTID)values ('68ce56cd-c0e9-4f2c-aefc-96af556b1a67', 'stid_45', 'stid_45_xxid_1', '较好', '0', '1', null);
insert into niutal_WJDC_WJSTXXB (WJID, STID, XXID, XXMC, XXFZ, XSSX, TZSTID)values ('68ce56cd-c0e9-4f2c-aefc-96af556b1a67', 'stid_45', 'stid_45_xxid_2', '一般', '0', '2', null);
insert into niutal_WJDC_WJSTXXB (WJID, STID, XXID, XXMC, XXFZ, XSSX, TZSTID)values ('68ce56cd-c0e9-4f2c-aefc-96af556b1a67', 'stid_45', 'stid_45_xxid_3', '较差', '0', '3', null);
insert into niutal_WJDC_WJSTXXB (WJID, STID, XXID, XXMC, XXFZ, XSSX, TZSTID)values ('68ce56cd-c0e9-4f2c-aefc-96af556b1a67', 'stid_45', 'stid_45_xxid_4', '很差', '0', '4', null);
insert into niutal_WJDC_WJSTXXB (WJID, STID, XXID, XXMC, XXFZ, XSSX, TZSTID)values ('68ce56cd-c0e9-4f2c-aefc-96af556b1a67', 'stid_46', 'stid_46_xxid_0', '缺乏学习动力，厌学，为考试而学', '0', '0', null);
insert into niutal_WJDC_WJSTXXB (WJID, STID, XXID, XXMC, XXFZ, XSSX, TZSTID)values ('68ce56cd-c0e9-4f2c-aefc-96af556b1a67', 'stid_46', 'stid_46_xxid_1', '班级学风氛围差', '0', '1', null);
insert into niutal_WJDC_WJSTXXB (WJID, STID, XXID, XXMC, XXFZ, XSSX, TZSTID)values ('68ce56cd-c0e9-4f2c-aefc-96af556b1a67', 'stid_46', 'stid_46_xxid_2', '迷恋上网', '0', '2', null);
insert into niutal_WJDC_WJSTXXB (WJID, STID, XXID, XXMC, XXFZ, XSSX, TZSTID)values ('68ce56cd-c0e9-4f2c-aefc-96af556b1a67', 'stid_46', 'stid_46_xxid_3', '学习纪律意识不强', '0', '3', null);
insert into niutal_WJDC_WJSTXXB (WJID, STID, XXID, XXMC, XXFZ, XSSX, TZSTID)values ('68ce56cd-c0e9-4f2c-aefc-96af556b1a67', 'stid_46', 'stid_46_xxid_4', '浮躁不踏实，考试突击', '0', '4', null);
insert into niutal_WJDC_WJSTXXB (WJID, STID, XXID, XXMC, XXFZ, XSSX, TZSTID)values ('68ce56cd-c0e9-4f2c-aefc-96af556b1a67', 'stid_46', 'stid_46_xxid_5', '缺创新，轻实践', '0', '5', null);
insert into niutal_WJDC_WJSTXXB (WJID, STID, XXID, XXMC, XXFZ, XSSX, TZSTID)values ('68ce56cd-c0e9-4f2c-aefc-96af556b1a67', 'stid_47', 'stid_47_xxid_0', '加强师资队伍建设', '0', '0', null);
insert into niutal_WJDC_WJSTXXB (WJID, STID, XXID, XXMC, XXFZ, XSSX, TZSTID)values ('68ce56cd-c0e9-4f2c-aefc-96af556b1a67', 'stid_47', 'stid_47_xxid_1', '严格学校管理', '0', '1', null);
insert into niutal_WJDC_WJSTXXB (WJID, STID, XXID, XXMC, XXFZ, XSSX, TZSTID)values ('68ce56cd-c0e9-4f2c-aefc-96af556b1a67', 'stid_47', 'stid_47_xxid_2', '加强班风、室风建设', '0', '2', null);
insert into niutal_WJDC_WJSTXXB (WJID, STID, XXID, XXMC, XXFZ, XSSX, TZSTID)values ('68ce56cd-c0e9-4f2c-aefc-96af556b1a67', 'stid_47', 'stid_47_xxid_3', '加强学生素质培养', '0', '3', null);
insert into niutal_WJDC_WJSTXXB (WJID, STID, XXID, XXMC, XXFZ, XSSX, TZSTID)values ('68ce56cd-c0e9-4f2c-aefc-96af556b1a67', 'stid_47', 'stid_47_xxid_4', '改善硬件设施', '0', '4', null);
insert into niutal_WJDC_WJSTXXB (WJID, STID, XXID, XXMC, XXFZ, XSSX, TZSTID)values ('68ce56cd-c0e9-4f2c-aefc-96af556b1a67', 'stid_47', 'stid_47_xxid_5', '加大奖励和处罚力度', '0', '5', null);
insert into niutal_WJDC_WJSTXXB (WJID, STID, XXID, XXMC, XXFZ, XSSX, TZSTID)values ('68ce56cd-c0e9-4f2c-aefc-96af556b1a67', 'stid_47', 'stid_47_xxid_6', '严格课程要求，加大淘汰比例，提高毕业门槛', '0', '6', null);
insert into niutal_WJDC_WJSTXXB (WJID, STID, XXID, XXMC, XXFZ, XSSX, TZSTID)values ('68ce56cd-c0e9-4f2c-aefc-96af556b1a67', 'stid_48', 'stid_48_xxid_0', '从来没有', '0', '0', null);
insert into niutal_WJDC_WJSTXXB (WJID, STID, XXID, XXMC, XXFZ, XSSX, TZSTID)values ('68ce56cd-c0e9-4f2c-aefc-96af556b1a67', 'stid_48', 'stid_48_xxid_1', '很少', '0', '1', null);
insert into niutal_WJDC_WJSTXXB (WJID, STID, XXID, XXMC, XXFZ, XSSX, TZSTID)values ('68ce56cd-c0e9-4f2c-aefc-96af556b1a67', 'stid_48', 'stid_48_xxid_2', '偶尔', '0', '2', null);
insert into niutal_WJDC_WJSTXXB (WJID, STID, XXID, XXMC, XXFZ, XSSX, TZSTID)values ('68ce56cd-c0e9-4f2c-aefc-96af556b1a67', 'stid_48', 'stid_48_xxid_3', '经常', '0', '3', null);
insert into niutal_WJDC_WJSTXXB (WJID, STID, XXID, XXMC, XXFZ, XSSX, TZSTID)values ('68ce56cd-c0e9-4f2c-aefc-96af556b1a67', 'stid_49', 'stid_49_xxid_0', '对该课程不感兴趣', '0', '0', null);
insert into niutal_WJDC_WJSTXXB (WJID, STID, XXID, XXMC, XXFZ, XSSX, TZSTID)values ('68ce56cd-c0e9-4f2c-aefc-96af556b1a67', 'stid_49', 'stid_49_xxid_1', '老师讲得不好', '0', '1', null);
insert into niutal_WJDC_WJSTXXB (WJID, STID, XXID, XXMC, XXFZ, XSSX, TZSTID)values ('68ce56cd-c0e9-4f2c-aefc-96af556b1a67', 'stid_49', 'stid_49_xxid_2', '不用听讲自学就行', '0', '2', null);
insert into niutal_WJDC_WJSTXXB (WJID, STID, XXID, XXMC, XXFZ, XSSX, TZSTID)values ('68ce56cd-c0e9-4f2c-aefc-96af556b1a67', 'stid_49', 'stid_49_xxid_3', '自制力差', '0', '3', null);
insert into niutal_WJDC_WJSTXXB (WJID, STID, XXID, XXMC, XXFZ, XSSX, TZSTID)values ('68ce56cd-c0e9-4f2c-aefc-96af556b1a67', 'stid_49', 'stid_49_xxid_4', '做其他事情,例如身兼数职', '0', '4', null);
insert into niutal_WJDC_WJSTXXB (WJID, STID, XXID, XXMC, XXFZ, XSSX, TZSTID)values ('68ce56cd-c0e9-4f2c-aefc-96af556b1a67', 'stid_50', 'stid_50_xxid_0', '始终能', '0', '0', null);
insert into niutal_WJDC_WJSTXXB (WJID, STID, XXID, XXMC, XXFZ, XSSX, TZSTID)values ('68ce56cd-c0e9-4f2c-aefc-96af556b1a67', 'stid_50', 'stid_50_xxid_1', '经常能', '0', '1', null);
insert into niutal_WJDC_WJSTXXB (WJID, STID, XXID, XXMC, XXFZ, XSSX, TZSTID)values ('68ce56cd-c0e9-4f2c-aefc-96af556b1a67', 'stid_50', 'stid_50_xxid_2', '有时能', '0', '2', null);
insert into niutal_WJDC_WJSTXXB (WJID, STID, XXID, XXMC, XXFZ, XSSX, TZSTID)values ('68ce56cd-c0e9-4f2c-aefc-96af556b1a67', 'stid_50', 'stid_50_xxid_3', '从不', '0', '3', null);
insert into niutal_WJDC_WJSTXXB (WJID, STID, XXID, XXMC, XXFZ, XSSX, TZSTID)values ('68ce56cd-c0e9-4f2c-aefc-96af556b1a67', 'stid_51', 'stid_51_xxid_0', 'A、点名', '0', '0', null);
insert into niutal_WJDC_WJSTXXB (WJID, STID, XXID, XXMC, XXFZ, XSSX, TZSTID)values ('68ce56cd-c0e9-4f2c-aefc-96af556b1a67', 'stid_51', 'stid_51_xxid_1', 'B、随堂测验', '0', '1', null);
insert into niutal_WJDC_WJSTXXB (WJID, STID, XXID, XXMC, XXFZ, XSSX, TZSTID)values ('68ce56cd-c0e9-4f2c-aefc-96af556b1a67', 'stid_51', 'stid_51_xxid_2', 'C、教师提高上课', '0', '2', null);
insert into niutal_WJDC_WJSTXXB (WJID, STID, XXID, XXMC, XXFZ, XSSX, TZSTID)values ('68ce56cd-c0e9-4f2c-aefc-96af556b1a67', 'stid_51', 'stid_51_xxid_3', 'D、对无故旷课的', '0', '3', null);
insert into niutal_WJDC_WJSTXXB (WJID, STID, XXID, XXMC, XXFZ, XSSX, TZSTID)values ('68ce56cd-c0e9-4f2c-aefc-96af556b1a67', 'stid_51', 'stid_51_xxid_4', 'E、其他', '0', '4', null);
insert into niutal_WJDC_WJSTXXB (WJID, STID, XXID, XXMC, XXFZ, XSSX, TZSTID)values ('68ce56cd-c0e9-4f2c-aefc-96af556b1a67', 'stid_52', 'stid_52_xxid_0', '独立完成', '0', '0', null);
insert into niutal_WJDC_WJSTXXB (WJID, STID, XXID, XXMC, XXFZ, XSSX, TZSTID)values ('68ce56cd-c0e9-4f2c-aefc-96af556b1a67', 'stid_52', 'stid_52_xxid_1', '偶尔抄袭', '0', '1', null);
insert into niutal_WJDC_WJSTXXB (WJID, STID, XXID, XXMC, XXFZ, XSSX, TZSTID)values ('68ce56cd-c0e9-4f2c-aefc-96af556b1a67', 'stid_52', 'stid_52_xxid_2', '经常抄袭', '0', '2', null);
insert into niutal_WJDC_WJSTXXB (WJID, STID, XXID, XXMC, XXFZ, XSSX, TZSTID)values ('68ce56cd-c0e9-4f2c-aefc-96af556b1a67', 'stid_52', 'stid_52_xxid_3', '借鉴习题解答', '0', '3', null);
insert into niutal_WJDC_WJSTXXB (WJID, STID, XXID, XXMC, XXFZ, XSSX, TZSTID)values ('68ce56cd-c0e9-4f2c-aefc-96af556b1a67', 'stid_53', 'stid_53_xxid_0', '勤奋刻苦', '0', '0', null);
insert into niutal_WJDC_WJSTXXB (WJID, STID, XXID, XXMC, XXFZ, XSSX, TZSTID)values ('68ce56cd-c0e9-4f2c-aefc-96af556b1a67', 'stid_53', 'stid_53_xxid_1', '一般', '0', '1', null);
insert into niutal_WJDC_WJSTXXB (WJID, STID, XXID, XXMC, XXFZ, XSSX, TZSTID)values ('68ce56cd-c0e9-4f2c-aefc-96af556b1a67', 'stid_53', 'stid_53_xxid_2', '比较轻松', '0', '2', null);
insert into niutal_WJDC_WJSTXXB (WJID, STID, XXID, XXMC, XXFZ, XSSX, TZSTID)values ('68ce56cd-c0e9-4f2c-aefc-96af556b1a67', 'stid_53', 'stid_53_xxid_3', '得过且过', '0', '3', null);
insert into niutal_WJDC_WJSTXXB (WJID, STID, XXID, XXMC, XXFZ, XSSX, TZSTID)values ('68ce56cd-c0e9-4f2c-aefc-96af556b1a67', 'stid_53', 'stid_53_xxid_4', '无所谓,一点都不积极', '0', '4', null);
insert into niutal_WJDC_WJSTXXB (WJID, STID, XXID, XXMC, XXFZ, XSSX, TZSTID)values ('68ce56cd-c0e9-4f2c-aefc-96af556b1a67', 'stid_54', 'stid_54_xxid_0', '4小时以上', '0', '0', null);
insert into niutal_WJDC_WJSTXXB (WJID, STID, XXID, XXMC, XXFZ, XSSX, TZSTID)values ('68ce56cd-c0e9-4f2c-aefc-96af556b1a67', 'stid_54', 'stid_54_xxid_1', '2-4小时', '0', '1', null);
insert into niutal_WJDC_WJSTXXB (WJID, STID, XXID, XXMC, XXFZ, XSSX, TZSTID)values ('68ce56cd-c0e9-4f2c-aefc-96af556b1a67', 'stid_54', 'stid_54_xxid_2', '0-2小时', '0', '2', null);
insert into niutal_WJDC_WJSTXXB (WJID, STID, XXID, XXMC, XXFZ, XSSX, TZSTID)values ('68ce56cd-c0e9-4f2c-aefc-96af556b1a67', 'stid_54', 'stid_54_xxid_3', '其他', '0', '3', null);
insert into niutal_WJDC_WJSTXXB (WJID, STID, XXID, XXMC, XXFZ, XSSX, TZSTID)values ('68ce56cd-c0e9-4f2c-aefc-96af556b1a67', 'stid_55', 'stid_55_xxid_0', '查学习资料', '0', '0', null);
insert into niutal_WJDC_WJSTXXB (WJID, STID, XXID, XXMC, XXFZ, XSSX, TZSTID)values ('68ce56cd-c0e9-4f2c-aefc-96af556b1a67', 'stid_55', 'stid_55_xxid_1', '递交作业', '0', '1', null);
insert into niutal_WJDC_WJSTXXB (WJID, STID, XXID, XXMC, XXFZ, XSSX, TZSTID)values ('68ce56cd-c0e9-4f2c-aefc-96af556b1a67', 'stid_55', 'stid_55_xxid_2', '玩游戏', '0', '2', null);
insert into niutal_WJDC_WJSTXXB (WJID, STID, XXID, XXMC, XXFZ, XSSX, TZSTID)values ('68ce56cd-c0e9-4f2c-aefc-96af556b1a67', 'stid_55', 'stid_55_xxid_3', '看新闻或比赛', '0', '3', null);
insert into niutal_WJDC_WJSTXXB (WJID, STID, XXID, XXMC, XXFZ, XSSX, TZSTID)values ('68ce56cd-c0e9-4f2c-aefc-96af556b1a67', 'stid_55', 'stid_55_xxid_4', '聊天', '0', '4', null);
insert into niutal_WJDC_WJSTXXB (WJID, STID, XXID, XXMC, XXFZ, XSSX, TZSTID)values ('68ce56cd-c0e9-4f2c-aefc-96af556b1a67', 'stid_55', 'stid_55_xxid_5', '其他', '0', '5', null);
insert into niutal_WJDC_WJSTXXB (WJID, STID, XXID, XXMC, XXFZ, XSSX, TZSTID)values ('68ce56cd-c0e9-4f2c-aefc-96af556b1a67', 'stid_56', 'stid_56_xxid_0', '很好', '0', '0', null);
insert into niutal_WJDC_WJSTXXB (WJID, STID, XXID, XXMC, XXFZ, XSSX, TZSTID)values ('68ce56cd-c0e9-4f2c-aefc-96af556b1a67', 'stid_56', 'stid_56_xxid_1', '较好', '0', '1', null);
insert into niutal_WJDC_WJSTXXB (WJID, STID, XXID, XXMC, XXFZ, XSSX, TZSTID)values ('68ce56cd-c0e9-4f2c-aefc-96af556b1a67', 'stid_56', 'stid_56_xxid_2', '一般', '0', '2', null);
insert into niutal_WJDC_WJSTXXB (WJID, STID, XXID, XXMC, XXFZ, XSSX, TZSTID)values ('68ce56cd-c0e9-4f2c-aefc-96af556b1a67', 'stid_56', 'stid_56_xxid_3', '较差', '0', '3', null);
insert into niutal_WJDC_WJSTXXB (WJID, STID, XXID, XXMC, XXFZ, XSSX, TZSTID)values ('68ce56cd-c0e9-4f2c-aefc-96af556b1a67', 'stid_56', 'stid_56_xxid_4', '很差', '0', '4', null);
insert into niutal_WJDC_WJSTXXB (WJID, STID, XXID, XXMC, XXFZ, XSSX, TZSTID)values ('68ce56cd-c0e9-4f2c-aefc-96af556b1a67', 'stid_57', 'stid_57_xxid_0', '很好', '0', '0', null);
insert into niutal_WJDC_WJSTXXB (WJID, STID, XXID, XXMC, XXFZ, XSSX, TZSTID)values ('68ce56cd-c0e9-4f2c-aefc-96af556b1a67', 'stid_57', 'stid_57_xxid_1', '较好', '0', '1', null);
insert into niutal_WJDC_WJSTXXB (WJID, STID, XXID, XXMC, XXFZ, XSSX, TZSTID)values ('68ce56cd-c0e9-4f2c-aefc-96af556b1a67', 'stid_57', 'stid_57_xxid_2', '一般', '0', '2', null);
insert into niutal_WJDC_WJSTXXB (WJID, STID, XXID, XXMC, XXFZ, XSSX, TZSTID)values ('68ce56cd-c0e9-4f2c-aefc-96af556b1a67', 'stid_57', 'stid_57_xxid_3', '较差', '0', '3', null);
insert into niutal_WJDC_WJSTXXB (WJID, STID, XXID, XXMC, XXFZ, XSSX, TZSTID)values ('68ce56cd-c0e9-4f2c-aefc-96af556b1a67', 'stid_57', 'stid_57_xxid_4', '很差', '0', '4', null);
insert into niutal_WJDC_WJSTXXB (WJID, STID, XXID, XXMC, XXFZ, XSSX, TZSTID)values ('68ce56cd-c0e9-4f2c-aefc-96af556b1a67', 'stid_58', 'stid_58_xxid_0', '非常应该', '0', '0', null);
insert into niutal_WJDC_WJSTXXB (WJID, STID, XXID, XXMC, XXFZ, XSSX, TZSTID)values ('68ce56cd-c0e9-4f2c-aefc-96af556b1a67', 'stid_58', 'stid_58_xxid_1', '应该', '0', '1', null);
insert into niutal_WJDC_WJSTXXB (WJID, STID, XXID, XXMC, XXFZ, XSSX, TZSTID)values ('68ce56cd-c0e9-4f2c-aefc-96af556b1a67', 'stid_58', 'stid_58_xxid_2', '不太有必要', '0', '2', null);
insert into niutal_WJDC_WJSTXXB (WJID, STID, XXID, XXMC, XXFZ, XSSX, TZSTID)values ('68ce56cd-c0e9-4f2c-aefc-96af556b1a67', 'stid_59', 'stid_59_xxid_0', '有', '0', '0', null);
insert into niutal_WJDC_WJSTXXB (WJID, STID, XXID, XXMC, XXFZ, XSSX, TZSTID)values ('68ce56cd-c0e9-4f2c-aefc-96af556b1a67', 'stid_59', 'stid_59_xxid_1', '没有', '0', '1', null);
insert into niutal_WJDC_WJSTXXB (WJID, STID, XXID, XXMC, XXFZ, XSSX, TZSTID)values ('68ce56cd-c0e9-4f2c-aefc-96af556b1a67', 'stid_59', 'stid_59_xxid_2', '不了解', '0', '2', null);
insert into niutal_WJDC_WJSTXXB (WJID, STID, XXID, XXMC, XXFZ, XSSX, TZSTID)values ('68ce56cd-c0e9-4f2c-aefc-96af556b1a67', 'stid_61', 'stid_61_xxid_0', '非常了解', '0', '0', null);
insert into niutal_WJDC_WJSTXXB (WJID, STID, XXID, XXMC, XXFZ, XSSX, TZSTID)values ('68ce56cd-c0e9-4f2c-aefc-96af556b1a67', 'stid_61', 'stid_61_xxid_1', '基本了解', '0', '1', null);
insert into niutal_WJDC_WJSTXXB (WJID, STID, XXID, XXMC, XXFZ, XSSX, TZSTID)values ('68ce56cd-c0e9-4f2c-aefc-96af556b1a67', 'stid_61', 'stid_61_xxid_2', '了解一点点', '0', '2', null);
insert into niutal_WJDC_WJSTXXB (WJID, STID, XXID, XXMC, XXFZ, XSSX, TZSTID)values ('68ce56cd-c0e9-4f2c-aefc-96af556b1a67', 'stid_61', 'stid_61_xxid_3', '完全不了解', '0', '3', null);
insert into niutal_WJDC_WJSTXXB (WJID, STID, XXID, XXMC, XXFZ, XSSX, TZSTID)values ('68ce56cd-c0e9-4f2c-aefc-96af556b1a67', 'stid_62', 'stid_62_xxid_0', '非常有帮助', '0', '0', null);
insert into niutal_WJDC_WJSTXXB (WJID, STID, XXID, XXMC, XXFZ, XSSX, TZSTID)values ('68ce56cd-c0e9-4f2c-aefc-96af556b1a67', 'stid_62', 'stid_62_xxid_1', '有较大帮助', '0', '1', null);
insert into niutal_WJDC_WJSTXXB (WJID, STID, XXID, XXMC, XXFZ, XSSX, TZSTID)values ('68ce56cd-c0e9-4f2c-aefc-96af556b1a67', 'stid_62', 'stid_62_xxid_2', '只有一点帮助', '0', '2', null);
insert into niutal_WJDC_WJSTXXB (WJID, STID, XXID, XXMC, XXFZ, XSSX, TZSTID)values ('68ce56cd-c0e9-4f2c-aefc-96af556b1a67', 'stid_62', 'stid_62_xxid_3', '完全没有帮助', '0', '3', null);
insert into niutal_WJDC_WJSTXXB (WJID, STID, XXID, XXMC, XXFZ, XSSX, TZSTID)values ('68ce56cd-c0e9-4f2c-aefc-96af556b1a67', 'stid_63', 'stid_63_xxid_0', '有', '0', '0', null);
insert into niutal_WJDC_WJSTXXB (WJID, STID, XXID, XXMC, XXFZ, XSSX, TZSTID)values ('68ce56cd-c0e9-4f2c-aefc-96af556b1a67', 'stid_63', 'stid_63_xxid_1', '无', '0', '1', null);
insert into niutal_WJDC_WJSTXXB (WJID, STID, XXID, XXMC, XXFZ, XSSX, TZSTID)values ('68ce56cd-c0e9-4f2c-aefc-96af556b1a67', 'stid_64', 'stid_64_xxid_0', '对科研有浓厚的兴趣，希望能够锻炼自己的科研能力', '0', '0', null);
insert into niutal_WJDC_WJSTXXB (WJID, STID, XXID, XXMC, XXFZ, XSSX, TZSTID)values ('68ce56cd-c0e9-4f2c-aefc-96af556b1a67', 'stid_64', 'stid_64_xxid_1', '希望能够进入老师的实验室', '0', '1', null);
insert into niutal_WJDC_WJSTXXB (WJID, STID, XXID, XXMC, XXFZ, XSSX, TZSTID)values ('68ce56cd-c0e9-4f2c-aefc-96af556b1a67', 'stid_64', 'stid_64_xxid_2', '希望能为申请省创、国创项目打基础', '0', '2', null);
insert into niutal_WJDC_WJSTXXB (WJID, STID, XXID, XXMC, XXFZ, XSSX, TZSTID)values ('68ce56cd-c0e9-4f2c-aefc-96af556b1a67', 'stid_64', 'stid_64_xxid_3', '希望能把课堂学到的知识转化到实际应用上来', '0', '3', null);
insert into niutal_WJDC_WJSTXXB (WJID, STID, XXID, XXMC, XXFZ, XSSX, TZSTID)values ('68ce56cd-c0e9-4f2c-aefc-96af556b1a67', 'stid_64', 'stid_64_xxid_4', '为了第二课堂学分', '0', '4', null);
insert into niutal_WJDC_WJSTXXB (WJID, STID, XXID, XXMC, XXFZ, XSSX, TZSTID)values ('68ce56cd-c0e9-4f2c-aefc-96af556b1a67', 'stid_64', 'stid_64_xxid_5', '没有太多想法，大家参加，我也参加', '0', '5', null);
insert into niutal_WJDC_WJSTXXB (WJID, STID, XXID, XXMC, XXFZ, XSSX, TZSTID)values ('68ce56cd-c0e9-4f2c-aefc-96af556b1a67', 'stid_65', 'stid_65_xxid_0', '很重视、很认真', '0', '0', null);
insert into niutal_WJDC_WJSTXXB (WJID, STID, XXID, XXMC, XXFZ, XSSX, TZSTID)values ('68ce56cd-c0e9-4f2c-aefc-96af556b1a67', 'stid_65', 'stid_65_xxid_1', '比较重视、认真', '0', '1', null);
insert into niutal_WJDC_WJSTXXB (WJID, STID, XXID, XXMC, XXFZ, XSSX, TZSTID)values ('68ce56cd-c0e9-4f2c-aefc-96af556b1a67', 'stid_65', 'stid_65_xxid_2', '不太认真', '0', '2', null);
insert into niutal_WJDC_WJSTXXB (WJID, STID, XXID, XXMC, XXFZ, XSSX, TZSTID)values ('68ce56cd-c0e9-4f2c-aefc-96af556b1a67', 'stid_65', 'stid_65_xxid_3', '很不认真', '0', '3', null);
insert into niutal_WJDC_WJSTXXB (WJID, STID, XXID, XXMC, XXFZ, XSSX, TZSTID)values ('68ce56cd-c0e9-4f2c-aefc-96af556b1a67', 'stid_66', 'stid_66_xxid_0', '是', '0', '0', null);
insert into niutal_WJDC_WJSTXXB (WJID, STID, XXID, XXMC, XXFZ, XSSX, TZSTID)values ('68ce56cd-c0e9-4f2c-aefc-96af556b1a67', 'stid_66', 'stid_66_xxid_1', '否', '0', '1', null);
insert into niutal_WJDC_WJSTXXB (WJID, STID, XXID, XXMC, XXFZ, XSSX, TZSTID)values ('68ce56cd-c0e9-4f2c-aefc-96af556b1a67', 'stid_68', 'stid_68_xxid_0', '8小时以上', '0', '0', null);
insert into niutal_WJDC_WJSTXXB (WJID, STID, XXID, XXMC, XXFZ, XSSX, TZSTID)values ('68ce56cd-c0e9-4f2c-aefc-96af556b1a67', 'stid_68', 'stid_68_xxid_1', '5～8小时', '0', '1', null);
insert into niutal_WJDC_WJSTXXB (WJID, STID, XXID, XXMC, XXFZ, XSSX, TZSTID)values ('68ce56cd-c0e9-4f2c-aefc-96af556b1a67', 'stid_68', 'stid_68_xxid_2', '3～5小时', '0', '2', null);
insert into niutal_WJDC_WJSTXXB (WJID, STID, XXID, XXMC, XXFZ, XSSX, TZSTID)values ('68ce56cd-c0e9-4f2c-aefc-96af556b1a67', 'stid_68', 'stid_68_xxid_3', '3小时以下', '0', '3', null);
insert into niutal_WJDC_WJSTXXB (WJID, STID, XXID, XXMC, XXFZ, XSSX, TZSTID)values ('68ce56cd-c0e9-4f2c-aefc-96af556b1a67', 'stid_69', 'stid_69_xxid_0', '一个学期一次', '0', '0', null);
insert into niutal_WJDC_WJSTXXB (WJID, STID, XXID, XXMC, XXFZ, XSSX, TZSTID)values ('68ce56cd-c0e9-4f2c-aefc-96af556b1a67', 'stid_69', 'stid_69_xxid_1', '2个月一次', '0', '1', null);
insert into niutal_WJDC_WJSTXXB (WJID, STID, XXID, XXMC, XXFZ, XSSX, TZSTID)values ('68ce56cd-c0e9-4f2c-aefc-96af556b1a67', 'stid_69', 'stid_69_xxid_2', '1个月一次', '0', '2', null);
insert into niutal_WJDC_WJSTXXB (WJID, STID, XXID, XXMC, XXFZ, XSSX, TZSTID)values ('68ce56cd-c0e9-4f2c-aefc-96af556b1a67', 'stid_69', 'stid_69_xxid_3', '一个星期一次或很多次', '0', '3', null);
insert into niutal_WJDC_WJSTXXB (WJID, STID, XXID, XXMC, XXFZ, XSSX, TZSTID)values ('68ce56cd-c0e9-4f2c-aefc-96af556b1a67', 'stid_72', 'stid_72_xxid_0', '学科竞赛', '0', '0', null);
insert into niutal_WJDC_WJSTXXB (WJID, STID, XXID, XXMC, XXFZ, XSSX, TZSTID)values ('68ce56cd-c0e9-4f2c-aefc-96af556b1a67', 'stid_72', 'stid_72_xxid_1', '学术性讲座', '0', '1', null);
insert into niutal_WJDC_WJSTXXB (WJID, STID, XXID, XXMC, XXFZ, XSSX, TZSTID)values ('68ce56cd-c0e9-4f2c-aefc-96af556b1a67', 'stid_72', 'stid_72_xxid_2', '文体活动', '0', '2', null);
insert into niutal_WJDC_WJSTXXB (WJID, STID, XXID, XXMC, XXFZ, XSSX, TZSTID)values ('68ce56cd-c0e9-4f2c-aefc-96af556b1a67', 'stid_72', 'stid_72_xxid_3', '走进企业、公司等校外单位的参观活动', '0', '3', null);
insert into niutal_WJDC_WJSTXXB (WJID, STID, XXID, XXMC, XXFZ, XSSX, TZSTID)values ('68ce56cd-c0e9-4f2c-aefc-96af556b1a67', 'stid_72', 'stid_72_xxid_4', '辅导类（就业指导、团体心理辅导等）', '0', '4', null);
insert into niutal_WJDC_WJSTXXB (WJID, STID, XXID, XXMC, XXFZ, XSSX, TZSTID)values ('68ce56cd-c0e9-4f2c-aefc-96af556b1a67', 'stid_72', 'stid_72_xxid_5', '其他', '0', '5', null);
insert into niutal_WJDC_WJSTXXB (WJID, STID, XXID, XXMC, XXFZ, XSSX, TZSTID)values ('68ce56cd-c0e9-4f2c-aefc-96af556b1a67', 'stid_75', 'stid_75_xxid_0', '韶华易逝，要一门心思读书', '0', '0', null);
insert into niutal_WJDC_WJSTXXB (WJID, STID, XXID, XXMC, XXFZ, XSSX, TZSTID)values ('68ce56cd-c0e9-4f2c-aefc-96af556b1a67', 'stid_75', 'stid_75_xxid_1', '以学习为主，适当参加课余活动', '0', '1', null);
insert into niutal_WJDC_WJSTXXB (WJID, STID, XXID, XXMC, XXFZ, XSSX, TZSTID)values ('68ce56cd-c0e9-4f2c-aefc-96af556b1a67', 'stid_75', 'stid_75_xxid_2', '及时享乐，只需在考试前努力一把', '0', '2', null);
insert into niutal_WJDC_WJSTXXB (WJID, STID, XXID, XXMC, XXFZ, XSSX, TZSTID)values ('68ce56cd-c0e9-4f2c-aefc-96af556b1a67', 'stid_75', 'stid_75_xxid_3', '学习、爱情两不误', '0', '3', null);
insert into niutal_WJDC_WJSTXXB (WJID, STID, XXID, XXMC, XXFZ, XSSX, TZSTID)values ('68ce56cd-c0e9-4f2c-aefc-96af556b1a67', 'stid_75', 'stid_75_xxid_4', '积极参加社会活动，锻炼各方面能力', '0', '4', null);
insert into niutal_WJDC_WJSTXXB (WJID, STID, XXID, XXMC, XXFZ, XSSX, TZSTID)values ('68ce56cd-c0e9-4f2c-aefc-96af556b1a67', 'stid_75', 'stid_75_xxid_5', '其他', '0', '5', null);
insert into niutal_WJDC_WJSTXXB (WJID, STID, XXID, XXMC, XXFZ, XSSX, TZSTID)values ('68ce56cd-c0e9-4f2c-aefc-96af556b1a67', 'stid_76', 'stid_76_xxid_0', '团学联', '0', '0', null);
insert into niutal_WJDC_WJSTXXB (WJID, STID, XXID, XXMC, XXFZ, XSSX, TZSTID)values ('68ce56cd-c0e9-4f2c-aefc-96af556b1a67', 'stid_76', 'stid_76_xxid_1', '班级', '0', '1', null);
insert into niutal_WJDC_WJSTXXB (WJID, STID, XXID, XXMC, XXFZ, XSSX, TZSTID)values ('68ce56cd-c0e9-4f2c-aefc-96af556b1a67', 'stid_76', 'stid_76_xxid_2', '团支部', '0', '2', null);
insert into niutal_WJDC_WJSTXXB (WJID, STID, XXID, XXMC, XXFZ, XSSX, TZSTID)values ('68ce56cd-c0e9-4f2c-aefc-96af556b1a67', 'stid_76', 'stid_76_xxid_3', '党支部', '0', '3', null);
insert into niutal_WJDC_WJSTXXB (WJID, STID, XXID, XXMC, XXFZ, XSSX, TZSTID)values ('68ce56cd-c0e9-4f2c-aefc-96af556b1a67', 'stid_76', 'stid_76_xxid_4', '社团（或俱乐部）', '0', '4', null);
insert into niutal_WJDC_WJSTXXB (WJID, STID, XXID, XXMC, XXFZ, XSSX, TZSTID)values ('68ce56cd-c0e9-4f2c-aefc-96af556b1a67', 'stid_76', 'stid_76_xxid_5', '其他', '0', '5', null);
insert into niutal_WJDC_WJSTXXB (WJID, STID, XXID, XXMC, XXFZ, XSSX, TZSTID)values ('68ce56cd-c0e9-4f2c-aefc-96af556b1a67', 'stid_78', 'stid_78_xxid_0', '有，并按照计划进行', '0', '0', null);
insert into niutal_WJDC_WJSTXXB (WJID, STID, XXID, XXMC, XXFZ, XSSX, TZSTID)values ('68ce56cd-c0e9-4f2c-aefc-96af556b1a67', 'stid_78', 'stid_78_xxid_1', '有，但没有认真执行', '0', '1', null);
insert into niutal_WJDC_WJSTXXB (WJID, STID, XXID, XXMC, XXFZ, XSSX, TZSTID)values ('68ce56cd-c0e9-4f2c-aefc-96af556b1a67', 'stid_78', 'stid_78_xxid_2', '没有，得过且过', '0', '2', null);
insert into niutal_WJDC_WJSTXXB (WJID, STID, XXID, XXMC, XXFZ, XSSX, TZSTID)values ('68ce56cd-c0e9-4f2c-aefc-96af556b1a67', 'stid_79', 'stid_79_xxid_0', '有', '0', '0', null);
insert into niutal_WJDC_WJSTXXB (WJID, STID, XXID, XXMC, XXFZ, XSSX, TZSTID)values ('68ce56cd-c0e9-4f2c-aefc-96af556b1a67', 'stid_79', 'stid_79_xxid_1', '无', '0', '1', null);
insert into niutal_WJDC_WJSTXXB (WJID, STID, XXID, XXMC, XXFZ, XSSX, TZSTID)values ('68ce56cd-c0e9-4f2c-aefc-96af556b1a67', 'stid_80', 'stid_80_xxid_0', '没有实习', '0', '0', null);
insert into niutal_WJDC_WJSTXXB (WJID, STID, XXID, XXMC, XXFZ, XSSX, TZSTID)values ('68ce56cd-c0e9-4f2c-aefc-96af556b1a67', 'stid_84', 'stid_84_xxid_4', '同学推荐', '0', '4', null);
insert into niutal_WJDC_WJSTXXB (WJID, STID, XXID, XXMC, XXFZ, XSSX, TZSTID)values ('68ce56cd-c0e9-4f2c-aefc-96af556b1a67', 'stid_84', 'stid_84_xxid_5', '导师介绍', '0', '5', null);
insert into niutal_WJDC_WJSTXXB (WJID, STID, XXID, XXMC, XXFZ, XSSX, TZSTID)values ('68ce56cd-c0e9-4f2c-aefc-96af556b1a67', 'stid_84', 'stid_84_xxid_6', '家庭协助', '0', '6', null);
insert into niutal_WJDC_WJSTXXB (WJID, STID, XXID, XXMC, XXFZ, XSSX, TZSTID)values ('68ce56cd-c0e9-4f2c-aefc-96af556b1a67', 'stid_85', 'stid_85_xxid_0', '专业知识水平', '0', '0', null);
insert into niutal_WJDC_WJSTXXB (WJID, STID, XXID, XXMC, XXFZ, XSSX, TZSTID)values ('68ce56cd-c0e9-4f2c-aefc-96af556b1a67', 'stid_85', 'stid_85_xxid_1', '外语应用水平', '0', '1', null);
insert into niutal_WJDC_WJSTXXB (WJID, STID, XXID, XXMC, XXFZ, XSSX, TZSTID)values ('68ce56cd-c0e9-4f2c-aefc-96af556b1a67', 'stid_85', 'stid_85_xxid_2', '信息收集处理能力', '0', '2', null);
insert into niutal_WJDC_WJSTXXB (WJID, STID, XXID, XXMC, XXFZ, XSSX, TZSTID)values ('68ce56cd-c0e9-4f2c-aefc-96af556b1a67', 'stid_85', 'stid_85_xxid_3', '书面及口头表达能力', '0', '3', null);
insert into niutal_WJDC_WJSTXXB (WJID, STID, XXID, XXMC, XXFZ, XSSX, TZSTID)values ('68ce56cd-c0e9-4f2c-aefc-96af556b1a67', 'stid_85', 'stid_85_xxid_4', '分析与解决问题的能力', '0', '4', null);
insert into niutal_WJDC_WJSTXXB (WJID, STID, XXID, XXMC, XXFZ, XSSX, TZSTID)values ('68ce56cd-c0e9-4f2c-aefc-96af556b1a67', 'stid_85', 'stid_85_xxid_5', '团队合作与人际沟通能力', '0', '5', null);
insert into niutal_WJDC_WJSTXXB (WJID, STID, XXID, XXMC, XXFZ, XSSX, TZSTID)values ('68ce56cd-c0e9-4f2c-aefc-96af556b1a67', 'stid_85', 'stid_85_xxid_6', '综合素质', '0', '6', null);
insert into niutal_WJDC_WJSTXXB (WJID, STID, XXID, XXMC, XXFZ, XSSX, TZSTID)values ('68ce56cd-c0e9-4f2c-aefc-96af556b1a67', 'stid_85', 'stid_85_xxid_7', '其他', '0', '7', null);
insert into niutal_WJDC_WJSTXXB (WJID, STID, XXID, XXMC, XXFZ, XSSX, TZSTID)values ('68ce56cd-c0e9-4f2c-aefc-96af556b1a67', 'stid_86', 'stid_86_xxid_0', '学院就业网', '0', '0', null);
insert into niutal_WJDC_WJSTXXB (WJID, STID, XXID, XXMC, XXFZ, XSSX, TZSTID)values ('68ce56cd-c0e9-4f2c-aefc-96af556b1a67', 'stid_86', 'stid_86_xxid_1', '本校就业中心网', '0', '1', null);
insert into niutal_WJDC_WJSTXXB (WJID, STID, XXID, XXMC, XXFZ, XSSX, TZSTID)values ('68ce56cd-c0e9-4f2c-aefc-96af556b1a67', 'stid_86', 'stid_86_xxid_2', '本校BBS', '0', '2', null);
insert into niutal_WJDC_WJSTXXB (WJID, STID, XXID, XXMC, XXFZ, XSSX, TZSTID)values ('68ce56cd-c0e9-4f2c-aefc-96af556b1a67', 'stid_86', 'stid_86_xxid_3', '校外网站', '0', '3', null);
insert into niutal_WJDC_WJSTXXB (WJID, STID, XXID, XXMC, XXFZ, XSSX, TZSTID)values ('68ce56cd-c0e9-4f2c-aefc-96af556b1a67', 'stid_87', 'stid_87_xxid_0', '薪资福利', '0', '0', null);
insert into niutal_WJDC_WJSTXXB (WJID, STID, XXID, XXMC, XXFZ, XSSX, TZSTID)values ('68ce56cd-c0e9-4f2c-aefc-96af556b1a67', 'stid_87', 'stid_87_xxid_1', '对个人职业发展机会', '0', '1', null);
insert into niutal_WJDC_WJSTXXB (WJID, STID, XXID, XXMC, XXFZ, XSSX, TZSTID)values ('68ce56cd-c0e9-4f2c-aefc-96af556b1a67', 'stid_87', 'stid_87_xxid_2', '对行业和公司发展前景', '0', '2', null);
insert into niutal_WJDC_WJSTXXB (WJID, STID, XXID, XXMC, XXFZ, XSSX, TZSTID)values ('68ce56cd-c0e9-4f2c-aefc-96af556b1a67', 'stid_87', 'stid_87_xxid_3', '学习进修的机会', '0', '3', null);
insert into niutal_WJDC_WJSTXXB (WJID, STID, XXID, XXMC, XXFZ, XSSX, TZSTID)values ('68ce56cd-c0e9-4f2c-aefc-96af556b1a67', 'stid_87', 'stid_87_xxid_4', '其他', '0', '4', null);
insert into niutal_WJDC_WJSTXXB (WJID, STID, XXID, XXMC, XXFZ, XSSX, TZSTID)values ('68ce56cd-c0e9-4f2c-aefc-96af556b1a67', 'stid_88', 'stid_88_xxid_0', '2000元及以下', '0', '0', null);
insert into niutal_WJDC_WJSTXXB (WJID, STID, XXID, XXMC, XXFZ, XSSX, TZSTID)values ('68ce56cd-c0e9-4f2c-aefc-96af556b1a67', 'stid_88', 'stid_88_xxid_1', '2001-3000元', '0', '1', null);
insert into niutal_WJDC_WJSTXXB (WJID, STID, XXID, XXMC, XXFZ, XSSX, TZSTID)values ('68ce56cd-c0e9-4f2c-aefc-96af556b1a67', 'stid_88', 'stid_88_xxid_2', '3001-4000元', '0', '2', null);
insert into niutal_WJDC_WJSTXXB (WJID, STID, XXID, XXMC, XXFZ, XSSX, TZSTID)values ('68ce56cd-c0e9-4f2c-aefc-96af556b1a67', 'stid_88', 'stid_88_xxid_3', '4001-5000元', '0', '3', null);
insert into niutal_WJDC_WJSTXXB (WJID, STID, XXID, XXMC, XXFZ, XSSX, TZSTID)values ('68ce56cd-c0e9-4f2c-aefc-96af556b1a67', 'stid_88', 'stid_88_xxid_4', '5001-6000元', '0', '4', null);
insert into niutal_WJDC_WJSTXXB (WJID, STID, XXID, XXMC, XXFZ, XSSX, TZSTID)values ('68ce56cd-c0e9-4f2c-aefc-96af556b1a67', 'stid_88', 'stid_88_xxid_5', '6001-7000元', '0', '5', null);
insert into niutal_WJDC_WJSTXXB (WJID, STID, XXID, XXMC, XXFZ, XSSX, TZSTID)values ('68ce56cd-c0e9-4f2c-aefc-96af556b1a67', 'stid_88', 'stid_88_xxid_6', '7001-8000元', '0', '6', null);
insert into niutal_WJDC_WJSTXXB (WJID, STID, XXID, XXMC, XXFZ, XSSX, TZSTID)values ('68ce56cd-c0e9-4f2c-aefc-96af556b1a67', 'stid_88', 'stid_88_xxid_7', '8001-9000元', '0', '7', null);
insert into niutal_WJDC_WJSTXXB (WJID, STID, XXID, XXMC, XXFZ, XSSX, TZSTID)values ('68ce56cd-c0e9-4f2c-aefc-96af556b1a67', 'stid_88', 'stid_88_xxid_8', '9001-10000元', '0', '8', null);
insert into niutal_WJDC_WJSTXXB (WJID, STID, XXID, XXMC, XXFZ, XSSX, TZSTID)values ('68ce56cd-c0e9-4f2c-aefc-96af556b1a67', 'stid_88', 'stid_88_xxid_9', '1万-2万元', '0', '9', null);
insert into niutal_WJDC_WJSTXXB (WJID, STID, XXID, XXMC, XXFZ, XSSX, TZSTID)values ('68ce56cd-c0e9-4f2c-aefc-96af556b1a67', 'stid_88', 'stid_88_xxid_10', '2万元以上', '0', '10', null);
insert into niutal_WJDC_WJSTXXB (WJID, STID, XXID, XXMC, XXFZ, XSSX, TZSTID)values ('68ce56cd-c0e9-4f2c-aefc-96af556b1a67', 'stid_89', 'stid_89_xxid_0', '1 ~ 3', '0', '0', null);
insert into niutal_WJDC_WJSTXXB (WJID, STID, XXID, XXMC, XXFZ, XSSX, TZSTID)values ('68ce56cd-c0e9-4f2c-aefc-96af556b1a67', 'stid_80', 'stid_80_xxid_1', '1 ~ 3个月', '0', '1', null);
insert into niutal_WJDC_WJSTXXB (WJID, STID, XXID, XXMC, XXFZ, XSSX, TZSTID)values ('68ce56cd-c0e9-4f2c-aefc-96af556b1a67', 'stid_80', 'stid_80_xxid_2', '3 ~ 6个月', '0', '2', null);
insert into niutal_WJDC_WJSTXXB (WJID, STID, XXID, XXMC, XXFZ, XSSX, TZSTID)values ('68ce56cd-c0e9-4f2c-aefc-96af556b1a67', 'stid_80', 'stid_80_xxid_3', '6 ~ 9个月', '0', '3', null);
insert into niutal_WJDC_WJSTXXB (WJID, STID, XXID, XXMC, XXFZ, XSSX, TZSTID)values ('68ce56cd-c0e9-4f2c-aefc-96af556b1a67', 'stid_80', 'stid_80_xxid_4', '9 ~ 12个月', '0', '4', null);
insert into niutal_WJDC_WJSTXXB (WJID, STID, XXID, XXMC, XXFZ, XSSX, TZSTID)values ('68ce56cd-c0e9-4f2c-aefc-96af556b1a67', 'stid_80', 'stid_80_xxid_5', '一年以上', '0', '5', null);
insert into niutal_WJDC_WJSTXXB (WJID, STID, XXID, XXMC, XXFZ, XSSX, TZSTID)values ('68ce56cd-c0e9-4f2c-aefc-96af556b1a67', 'stid_82', 'stid_82_xxid_0', '专业知识水平和实践结合能力', '0', '0', null);
insert into niutal_WJDC_WJSTXXB (WJID, STID, XXID, XXMC, XXFZ, XSSX, TZSTID)values ('68ce56cd-c0e9-4f2c-aefc-96af556b1a67', 'stid_82', 'stid_82_xxid_1', '创新能力提高', '0', '1', null);
insert into niutal_WJDC_WJSTXXB (WJID, STID, XXID, XXMC, XXFZ, XSSX, TZSTID)values ('68ce56cd-c0e9-4f2c-aefc-96af556b1a67', 'stid_82', 'stid_82_xxid_2', '信息收集处理能力', '0', '2', null);
insert into niutal_WJDC_WJSTXXB (WJID, STID, XXID, XXMC, XXFZ, XSSX, TZSTID)values ('68ce56cd-c0e9-4f2c-aefc-96af556b1a67', 'stid_82', 'stid_82_xxid_3', '书面及口头表达能力', '0', '3', null);
insert into niutal_WJDC_WJSTXXB (WJID, STID, XXID, XXMC, XXFZ, XSSX, TZSTID)values ('68ce56cd-c0e9-4f2c-aefc-96af556b1a67', 'stid_82', 'stid_82_xxid_4', '分析与解决问题的能力', '0', '4', null);
insert into niutal_WJDC_WJSTXXB (WJID, STID, XXID, XXMC, XXFZ, XSSX, TZSTID)values ('68ce56cd-c0e9-4f2c-aefc-96af556b1a67', 'stid_82', 'stid_82_xxid_5', '团队合作与人际沟通能力', '0', '5', null);
insert into niutal_WJDC_WJSTXXB (WJID, STID, XXID, XXMC, XXFZ, XSSX, TZSTID)values ('68ce56cd-c0e9-4f2c-aefc-96af556b1a67', 'stid_82', 'stid_82_xxid_6', '综合素质', '0', '6', null);
insert into niutal_WJDC_WJSTXXB (WJID, STID, XXID, XXMC, XXFZ, XSSX, TZSTID)values ('68ce56cd-c0e9-4f2c-aefc-96af556b1a67', 'stid_82', 'stid_82_xxid_7', '其他', '0', '7', null);
insert into niutal_WJDC_WJSTXXB (WJID, STID, XXID, XXMC, XXFZ, XSSX, TZSTID)values ('68ce56cd-c0e9-4f2c-aefc-96af556b1a67', 'stid_84', 'stid_84_xxid_0', '因读研或出国等原因暂不就业', '0', '0', null);
insert into niutal_WJDC_WJSTXXB (WJID, STID, XXID, XXMC, XXFZ, XSSX, TZSTID)values ('68ce56cd-c0e9-4f2c-aefc-96af556b1a67', 'stid_84', 'stid_84_xxid_1', '人才网站', '0', '1', null);
insert into niutal_WJDC_WJSTXXB (WJID, STID, XXID, XXMC, XXFZ, XSSX, TZSTID)values ('68ce56cd-c0e9-4f2c-aefc-96af556b1a67', 'stid_84', 'stid_84_xxid_2', '大型招聘会', '0', '2', null);
insert into niutal_WJDC_WJSTXXB (WJID, STID, XXID, XXMC, XXFZ, XSSX, TZSTID)values ('68ce56cd-c0e9-4f2c-aefc-96af556b1a67', 'stid_84', 'stid_84_xxid_3', '企业宣讲会', '0', '3', null);
insert into niutal_WJDC_WJSTXXB (WJID, STID, XXID, XXMC, XXFZ, XSSX, TZSTID)values ('68ce56cd-c0e9-4f2c-aefc-96af556b1a67', 'stid_89', 'stid_89_xxid_1', '4 ~ 6', '0', '1', null);
insert into niutal_WJDC_WJSTXXB (WJID, STID, XXID, XXMC, XXFZ, XSSX, TZSTID)values ('68ce56cd-c0e9-4f2c-aefc-96af556b1a67', 'stid_89', 'stid_89_xxid_2', '7 ~ 10', '0', '2', null);
insert into niutal_WJDC_WJSTXXB (WJID, STID, XXID, XXMC, XXFZ, XSSX, TZSTID)values ('68ce56cd-c0e9-4f2c-aefc-96af556b1a67', 'stid_89', 'stid_89_xxid_3', '11 ~ 15', '0', '3', null);
insert into niutal_WJDC_WJSTXXB (WJID, STID, XXID, XXMC, XXFZ, XSSX, TZSTID)values ('68ce56cd-c0e9-4f2c-aefc-96af556b1a67', 'stid_89', 'stid_89_xxid_4', '16 ~ 20', '0', '4', null);
insert into niutal_WJDC_WJSTXXB (WJID, STID, XXID, XXMC, XXFZ, XSSX, TZSTID)values ('68ce56cd-c0e9-4f2c-aefc-96af556b1a67', 'stid_89', 'stid_89_xxid_5', '21~ 30', '0', '5', null);
insert into niutal_WJDC_WJSTXXB (WJID, STID, XXID, XXMC, XXFZ, XSSX, TZSTID)values ('68ce56cd-c0e9-4f2c-aefc-96af556b1a67', 'stid_89', 'stid_89_xxid_6', '30以上', '0', '6', null);
insert into niutal_WJDC_WJSTXXB (WJID, STID, XXID, XXMC, XXFZ, XSSX, TZSTID)values ('68ce56cd-c0e9-4f2c-aefc-96af556b1a67', 'stid_90', 'stid_90_xxid_0', '1 ~ 3', '0', '0', null);
insert into niutal_WJDC_WJSTXXB (WJID, STID, XXID, XXMC, XXFZ, XSSX, TZSTID)values ('68ce56cd-c0e9-4f2c-aefc-96af556b1a67', 'stid_90', 'stid_90_xxid_1', '4 ~ 6', '0', '1', null);
insert into niutal_WJDC_WJSTXXB (WJID, STID, XXID, XXMC, XXFZ, XSSX, TZSTID)values ('68ce56cd-c0e9-4f2c-aefc-96af556b1a67', 'stid_90', 'stid_90_xxid_2', '7 ~ 10', '0', '2', null);
insert into niutal_WJDC_WJSTXXB (WJID, STID, XXID, XXMC, XXFZ, XSSX, TZSTID)values ('68ce56cd-c0e9-4f2c-aefc-96af556b1a67', 'stid_90', 'stid_90_xxid_3', '11 ~ 15', '0', '3', null);
insert into niutal_WJDC_WJSTXXB (WJID, STID, XXID, XXMC, XXFZ, XSSX, TZSTID)values ('68ce56cd-c0e9-4f2c-aefc-96af556b1a67', 'stid_90', 'stid_90_xxid_4', '16 ~ 20', '0', '4', null);
insert into niutal_WJDC_WJSTXXB (WJID, STID, XXID, XXMC, XXFZ, XSSX, TZSTID)values ('68ce56cd-c0e9-4f2c-aefc-96af556b1a67', 'stid_90', 'stid_90_xxid_5', '21~ 30', '0', '5', null);
insert into niutal_WJDC_WJSTXXB (WJID, STID, XXID, XXMC, XXFZ, XSSX, TZSTID)values ('68ce56cd-c0e9-4f2c-aefc-96af556b1a67', 'stid_90', 'stid_90_xxid_6', '30以上', '0', '6', null);
insert into niutal_WJDC_WJSTXXB (WJID, STID, XXID, XXMC, XXFZ, XSSX, TZSTID)values ('68ce56cd-c0e9-4f2c-aefc-96af556b1a67', 'stid_91', 'stid_91_xxid_0', '1 ~ 3', '0', '0', null);
insert into niutal_WJDC_WJSTXXB (WJID, STID, XXID, XXMC, XXFZ, XSSX, TZSTID)values ('68ce56cd-c0e9-4f2c-aefc-96af556b1a67', 'stid_91', 'stid_91_xxid_1', '4 ~ 6', '0', '1', null);
insert into niutal_WJDC_WJSTXXB (WJID, STID, XXID, XXMC, XXFZ, XSSX, TZSTID)values ('68ce56cd-c0e9-4f2c-aefc-96af556b1a67', 'stid_91', 'stid_91_xxid_2', '7 ~ 10', '0', '2', null);
insert into niutal_WJDC_WJSTXXB (WJID, STID, XXID, XXMC, XXFZ, XSSX, TZSTID)values ('68ce56cd-c0e9-4f2c-aefc-96af556b1a67', 'stid_91', 'stid_91_xxid_3', '11 ~ 15', '0', '3', null);
insert into niutal_WJDC_WJSTXXB (WJID, STID, XXID, XXMC, XXFZ, XSSX, TZSTID)values ('68ce56cd-c0e9-4f2c-aefc-96af556b1a67', 'stid_91', 'stid_91_xxid_4', '16 ~ 20', '0', '4', null);
insert into niutal_WJDC_WJSTXXB (WJID, STID, XXID, XXMC, XXFZ, XSSX, TZSTID)values ('68ce56cd-c0e9-4f2c-aefc-96af556b1a67', 'stid_91', 'stid_91_xxid_5', '21~ 30', '0', '5', null);
insert into niutal_WJDC_WJSTXXB (WJID, STID, XXID, XXMC, XXFZ, XSSX, TZSTID)values ('68ce56cd-c0e9-4f2c-aefc-96af556b1a67', 'stid_91', 'stid_91_xxid_6', '30以上', '0', '6', null);
insert into niutal_WJDC_WJSTXXB (WJID, STID, XXID, XXMC, XXFZ, XSSX, TZSTID)values ('68ce56cd-c0e9-4f2c-aefc-96af556b1a67', 'stid_92', 'stid_92_xxid_0', '6万以下', '0', '0', null);
insert into niutal_WJDC_WJSTXXB (WJID, STID, XXID, XXMC, XXFZ, XSSX, TZSTID)values ('68ce56cd-c0e9-4f2c-aefc-96af556b1a67', 'stid_92', 'stid_92_xxid_1', '6万 ~ 8万', '0', '1', null);
insert into niutal_WJDC_WJSTXXB (WJID, STID, XXID, XXMC, XXFZ, XSSX, TZSTID)values ('68ce56cd-c0e9-4f2c-aefc-96af556b1a67', 'stid_92', 'stid_92_xxid_2', '8万 ~ 10万', '0', '2', null);
insert into niutal_WJDC_WJSTXXB (WJID, STID, XXID, XXMC, XXFZ, XSSX, TZSTID)values ('68ce56cd-c0e9-4f2c-aefc-96af556b1a67', 'stid_92', 'stid_92_xxid_3', '10万 ~ 12万', '0', '3', null);
insert into niutal_WJDC_WJSTXXB (WJID, STID, XXID, XXMC, XXFZ, XSSX, TZSTID)values ('68ce56cd-c0e9-4f2c-aefc-96af556b1a67', 'stid_92', 'stid_92_xxid_4', '12万 ~ 14万', '0', '4', null);
insert into niutal_WJDC_WJSTXXB (WJID, STID, XXID, XXMC, XXFZ, XSSX, TZSTID)values ('68ce56cd-c0e9-4f2c-aefc-96af556b1a67', 'stid_92', 'stid_92_xxid_5', '14万 ~ 16万', '0', '5', null);
insert into niutal_WJDC_WJSTXXB (WJID, STID, XXID, XXMC, XXFZ, XSSX, TZSTID)values ('68ce56cd-c0e9-4f2c-aefc-96af556b1a67', 'stid_92', 'stid_92_xxid_6', '16万 ~ 18万', '0', '6', null);
insert into niutal_WJDC_WJSTXXB (WJID, STID, XXID, XXMC, XXFZ, XSSX, TZSTID)values ('68ce56cd-c0e9-4f2c-aefc-96af556b1a67', 'stid_92', 'stid_92_xxid_7', '18万 ~ 20万', '0', '7', null);
insert into niutal_WJDC_WJSTXXB (WJID, STID, XXID, XXMC, XXFZ, XSSX, TZSTID)values ('68ce56cd-c0e9-4f2c-aefc-96af556b1a67', 'stid_92', 'stid_92_xxid_8', '20万 ~ 23万', '0', '8', null);
insert into niutal_WJDC_WJSTXXB (WJID, STID, XXID, XXMC, XXFZ, XSSX, TZSTID)values ('68ce56cd-c0e9-4f2c-aefc-96af556b1a67', 'stid_92', 'stid_92_xxid_9', '23万 ~ 26万', '0', '9', null);
insert into niutal_WJDC_WJSTXXB (WJID, STID, XXID, XXMC, XXFZ, XSSX, TZSTID)values ('68ce56cd-c0e9-4f2c-aefc-96af556b1a67', 'stid_92', 'stid_92_xxid_10', '26万 ~ 30万', '0', '10', null);
insert into niutal_WJDC_WJSTXXB (WJID, STID, XXID, XXMC, XXFZ, XSSX, TZSTID)values ('68ce56cd-c0e9-4f2c-aefc-96af556b1a67', 'stid_92', 'stid_92_xxid_11', '30万以上', '0', '11', null);
insert into niutal_WJDC_WJSTXXB (WJID, STID, XXID, XXMC, XXFZ, XSSX, TZSTID)values ('68ce56cd-c0e9-4f2c-aefc-96af556b1a67', 'stid_93', 'stid_93_xxid_0', '外语能力', '0', '0', null);
insert into niutal_WJDC_WJSTXXB (WJID, STID, XXID, XXMC, XXFZ, XSSX, TZSTID)values ('68ce56cd-c0e9-4f2c-aefc-96af556b1a67', 'stid_93', 'stid_93_xxid_1', '应聘技巧', '0', '1', null);
insert into niutal_WJDC_WJSTXXB (WJID, STID, XXID, XXMC, XXFZ, XSSX, TZSTID)values ('68ce56cd-c0e9-4f2c-aefc-96af556b1a67', 'stid_93', 'stid_93_xxid_2', '专业能力', '0', '2', null);
insert into niutal_WJDC_WJSTXXB (WJID, STID, XXID, XXMC, XXFZ, XSSX, TZSTID)values ('68ce56cd-c0e9-4f2c-aefc-96af556b1a67', 'stid_93', 'stid_93_xxid_3', '沟通能力', '0', '3', null);
insert into niutal_WJDC_WJSTXXB (WJID, STID, XXID, XXMC, XXFZ, XSSX, TZSTID)values ('68ce56cd-c0e9-4f2c-aefc-96af556b1a67', 'stid_93', 'stid_93_xxid_4', '综合素质', '0', '4', null);
insert into niutal_WJDC_WJSTXXB (WJID, STID, XXID, XXMC, XXFZ, XSSX, TZSTID)values ('68ce56cd-c0e9-4f2c-aefc-96af556b1a67', 'stid_93', 'stid_93_xxid_5', '其他', '0', '5', null);
insert into niutal_WJDC_WJSTXXB (WJID, STID, XXID, XXMC, XXFZ, XSSX, TZSTID)values ('68ce56cd-c0e9-4f2c-aefc-96af556b1a67', 'stid_94', 'stid_94_xxid_0', '外语能力', '0', '0', null);
insert into niutal_WJDC_WJSTXXB (WJID, STID, XXID, XXMC, XXFZ, XSSX, TZSTID)values ('68ce56cd-c0e9-4f2c-aefc-96af556b1a67', 'stid_94', 'stid_94_xxid_1', '应聘技巧', '0', '1', null);
insert into niutal_WJDC_WJSTXXB (WJID, STID, XXID, XXMC, XXFZ, XSSX, TZSTID)values ('68ce56cd-c0e9-4f2c-aefc-96af556b1a67', 'stid_94', 'stid_94_xxid_2', '专业能力', '0', '2', null);
insert into niutal_WJDC_WJSTXXB (WJID, STID, XXID, XXMC, XXFZ, XSSX, TZSTID)values ('68ce56cd-c0e9-4f2c-aefc-96af556b1a67', 'stid_94', 'stid_94_xxid_3', '沟通能力', '0', '3', null);
insert into niutal_WJDC_WJSTXXB (WJID, STID, XXID, XXMC, XXFZ, XSSX, TZSTID)values ('68ce56cd-c0e9-4f2c-aefc-96af556b1a67', 'stid_94', 'stid_94_xxid_4', '综合素质', '0', '4', null);
insert into niutal_WJDC_WJSTXXB (WJID, STID, XXID, XXMC, XXFZ, XSSX, TZSTID)values ('68ce56cd-c0e9-4f2c-aefc-96af556b1a67', 'stid_94', 'stid_94_xxid_5', '其他', '0', '5', null);
insert into niutal_WJDC_WJSTXXB (WJID, STID, XXID, XXMC, XXFZ, XSSX, TZSTID)values ('68ce56cd-c0e9-4f2c-aefc-96af556b1a67', 'stid_95', 'stid_95_xxid_0', '很满意', '0', '0', null);
insert into niutal_WJDC_WJSTXXB (WJID, STID, XXID, XXMC, XXFZ, XSSX, TZSTID)values ('68ce56cd-c0e9-4f2c-aefc-96af556b1a67', 'stid_95', 'stid_95_xxid_1', '一般', '0', '1', null);
insert into niutal_WJDC_WJSTXXB (WJID, STID, XXID, XXMC, XXFZ, XSSX, TZSTID)values ('68ce56cd-c0e9-4f2c-aefc-96af556b1a67', 'stid_95', 'stid_95_xxid_2', '不太满意', '0', '2', null);
insert into niutal_WJDC_WJSTXXB (WJID, STID, XXID, XXMC, XXFZ, XSSX, TZSTID)values ('68ce56cd-c0e9-4f2c-aefc-96af556b1a67', 'stid_95', 'stid_95_xxid_3', '很不满意', '0', '3', null);
insert into niutal_WJDC_WJSTXXB (WJID, STID, XXID, XXMC, XXFZ, XSSX, TZSTID)values ('68ce56cd-c0e9-4f2c-aefc-96af556b1a67', 'stid_96', 'stid_96_xxid_0', '学校通过各种媒介和途径及时提供全面而丰富职业与就业信息', '0', '0', null);
insert into niutal_WJDC_WJSTXXB (WJID, STID, XXID, XXMC, XXFZ, XSSX, TZSTID)values ('68ce56cd-c0e9-4f2c-aefc-96af556b1a67', 'stid_96', 'stid_96_xxid_1', '应聘技巧培训、简历撰写培训', '0', '1', null);
insert into niutal_WJDC_WJSTXXB (WJID, STID, XXID, XXMC, XXFZ, XSSX, TZSTID)values ('68ce56cd-c0e9-4f2c-aefc-96af556b1a67', 'stid_96', 'stid_96_xxid_2', '开展职业咨询与生涯设计指导', '0', '2', null);
insert into niutal_WJDC_WJSTXXB (WJID, STID, XXID, XXMC, XXFZ, XSSX, TZSTID)values ('68ce56cd-c0e9-4f2c-aefc-96af556b1a67', 'stid_96', 'stid_96_xxid_3', '开办就业讲座、培训和论坛，进行就业心理和求职技巧训练', '0', '3', null);
insert into niutal_WJDC_WJSTXXB (WJID, STID, XXID, XXMC, XXFZ, XSSX, TZSTID)values ('68ce56cd-c0e9-4f2c-aefc-96af556b1a67', 'stid_96', 'stid_96_xxid_4', '学校定期或不定期召开校园招聘会、职业交易会', '0', '4', null);
insert into niutal_WJDC_WJSTXXB (WJID, STID, XXID, XXMC, XXFZ, XSSX, TZSTID)values ('68ce56cd-c0e9-4f2c-aefc-96af556b1a67', 'stid_96', 'stid_96_xxid_5', '举办“求职日”等各类形式的雇主与学生见面的招聘洽谈会', '0', '5', null);
insert into niutal_WJDC_WJSTXXB (WJID, STID, XXID, XXMC, XXFZ, XSSX, TZSTID)values ('68ce56cd-c0e9-4f2c-aefc-96af556b1a67', 'stid_96', 'stid_96_xxid_6', '通过印制刊物向学生提供有关最新职业信息，刊载校友忠告和建议、企业要求以及专家意见', '0', '6', null);
insert into niutal_WJDC_WJSTXXB (WJID, STID, XXID, XXMC, XXFZ, XSSX, TZSTID)values ('68ce56cd-c0e9-4f2c-aefc-96af556b1a67', 'stid_1', 'stid_1_xxid_0', '计算机科学与技术1501-1505', '0', '0', null);
insert into niutal_WJDC_WJSTXXB (WJID, STID, XXID, XXMC, XXFZ, XSSX, TZSTID)values ('68ce56cd-c0e9-4f2c-aefc-96af556b1a67', 'stid_1', 'stid_1_xxid_1', '求是科学班（计算机）1501', '0', '1', null);
insert into niutal_WJDC_WJSTXXB (WJID, STID, XXID, XXMC, XXFZ, XSSX, TZSTID)values ('68ce56cd-c0e9-4f2c-aefc-96af556b1a67', 'stid_1', 'stid_1_xxid_2', '软件工程1501-1503', '0', '2', null);
insert into niutal_WJDC_WJSTXXB (WJID, STID, XXID, XXMC, XXFZ, XSSX, TZSTID)values ('68ce56cd-c0e9-4f2c-aefc-96af556b1a67', 'stid_1', 'stid_1_xxid_3', '数字媒体 1501', '0', '3', null);
insert into niutal_WJDC_WJSTXXB (WJID, STID, XXID, XXMC, XXFZ, XSSX, TZSTID)values ('68ce56cd-c0e9-4f2c-aefc-96af556b1a67', 'stid_1', 'stid_1_xxid_4', '工业设计 1501', '0', '4', null);
insert into niutal_WJDC_WJSTXXB (WJID, STID, XXID, XXMC, XXFZ, XSSX, TZSTID)values ('68ce56cd-c0e9-4f2c-aefc-96af556b1a67', 'stid_1', 'stid_1_xxid_5', '产品设计 1501', '0', '5', null);
insert into niutal_WJDC_WJSTXXB (WJID, STID, XXID, XXMC, XXFZ, XSSX, TZSTID)values ('68ce56cd-c0e9-4f2c-aefc-96af556b1a67', 'stid_2', 'stid_2_xxid_0', '非常感兴趣', '0', '0', null);
insert into niutal_WJDC_WJSTXXB (WJID, STID, XXID, XXMC, XXFZ, XSSX, TZSTID)values ('68ce56cd-c0e9-4f2c-aefc-96af556b1a67', 'stid_2', 'stid_2_xxid_1', '比较感兴趣', '0', '1', null);
insert into niutal_WJDC_WJSTXXB (WJID, STID, XXID, XXMC, XXFZ, XSSX, TZSTID)values ('68ce56cd-c0e9-4f2c-aefc-96af556b1a67', 'stid_2', 'stid_2_xxid_2', '一般', '0', '2', null);
insert into niutal_WJDC_WJSTXXB (WJID, STID, XXID, XXMC, XXFZ, XSSX, TZSTID)values ('68ce56cd-c0e9-4f2c-aefc-96af556b1a67', 'stid_2', 'stid_2_xxid_3', '不感兴趣', '0', '3', null);
insert into niutal_WJDC_WJSTXXB (WJID, STID, XXID, XXMC, XXFZ, XSSX, TZSTID)values ('68ce56cd-c0e9-4f2c-aefc-96af556b1a67', 'stid_3', 'stid_3_xxid_0', '经济管理类', '0', '0', null);
insert into niutal_WJDC_WJSTXXB (WJID, STID, XXID, XXMC, XXFZ, XSSX, TZSTID)values ('68ce56cd-c0e9-4f2c-aefc-96af556b1a67', 'stid_3', 'stid_3_xxid_1', '人文类', '0', '1', null);
insert into niutal_WJDC_WJSTXXB (WJID, STID, XXID, XXMC, XXFZ, XSSX, TZSTID)values ('68ce56cd-c0e9-4f2c-aefc-96af556b1a67', 'stid_3', 'stid_3_xxid_2', '无', '0', '2', null);
insert into niutal_WJDC_WJSTXXB (WJID, STID, XXID, XXMC, XXFZ, XSSX, TZSTID)values ('68ce56cd-c0e9-4f2c-aefc-96af556b1a67', 'stid_3', 'stid_3_xxid_3', '选项3', '0', '3', null);
insert into niutal_WJDC_WJSTXXB (WJID, STID, XXID, XXMC, XXFZ, XSSX, TZSTID)values ('68ce56cd-c0e9-4f2c-aefc-96af556b1a67', 'stid_4', 'stid_4_xxid_0', '拿更多的证书，为找工作打基础', '0', '0', null);
insert into niutal_WJDC_WJSTXXB (WJID, STID, XXID, XXMC, XXFZ, XSSX, TZSTID)values ('68ce56cd-c0e9-4f2c-aefc-96af556b1a67', 'stid_4', 'stid_4_xxid_1', '为今后的深造做准备', '0', '1', null);
insert into niutal_WJDC_WJSTXXB (WJID, STID, XXID, XXMC, XXFZ, XSSX, TZSTID)values ('68ce56cd-c0e9-4f2c-aefc-96af556b1a67', 'stid_4', 'stid_4_xxid_2', '培养自己思维能力', '0', '2', null);
insert into niutal_WJDC_WJSTXXB (WJID, STID, XXID, XXMC, XXFZ, XSSX, TZSTID)values ('68ce56cd-c0e9-4f2c-aefc-96af556b1a67', 'stid_4', 'stid_4_xxid_3', '全面提高自身素质，为实现人生理想做准备', '0', '3', null);
insert into niutal_WJDC_WJSTXXB (WJID, STID, XXID, XXMC, XXFZ, XSSX, TZSTID)values ('68ce56cd-c0e9-4f2c-aefc-96af556b1a67', 'stid_4', 'stid_4_xxid_4', '是压力所迫才学习', '0', '4', null);
insert into niutal_WJDC_WJSTXXB (WJID, STID, XXID, XXMC, XXFZ, XSSX, TZSTID)values ('68ce56cd-c0e9-4f2c-aefc-96af556b1a67', 'stid_4', 'stid_4_xxid_5', '只为获得文凭', '0', '5', null);
insert into niutal_WJDC_WJSTXXB (WJID, STID, XXID, XXMC, XXFZ, XSSX, TZSTID)values ('68ce56cd-c0e9-4f2c-aefc-96af556b1a67', 'stid_4', 'stid_4_xxid_6', '认识优秀的同学，建立今后发展的“朋友圈”', '0', '6', null);
insert into niutal_WJDC_WJSTXXB (WJID, STID, XXID, XXMC, XXFZ, XSSX, TZSTID)values ('68ce56cd-c0e9-4f2c-aefc-96af556b1a67', 'stid_4', 'stid_4_xxid_7', '没有想过', '0', '7', null);
insert into niutal_WJDC_WJSTXXB (WJID, STID, XXID, XXMC, XXFZ, XSSX, TZSTID)values ('68ce56cd-c0e9-4f2c-aefc-96af556b1a67', 'stid_5', 'stid_5_xxid_0', '学业问题', '0', '0', null);
insert into niutal_WJDC_WJSTXXB (WJID, STID, XXID, XXMC, XXFZ, XSSX, TZSTID)values ('68ce56cd-c0e9-4f2c-aefc-96af556b1a67', 'stid_5', 'stid_5_xxid_1', '心理问题', '0', '1', null);
insert into niutal_WJDC_WJSTXXB (WJID, STID, XXID, XXMC, XXFZ, XSSX, TZSTID)values ('68ce56cd-c0e9-4f2c-aefc-96af556b1a67', 'stid_5', 'stid_5_xxid_2', '经济问题', '0', '2', null);
insert into niutal_WJDC_WJSTXXB (WJID, STID, XXID, XXMC, XXFZ, XSSX, TZSTID)values ('68ce56cd-c0e9-4f2c-aefc-96af556b1a67', 'stid_5', 'stid_5_xxid_3', '与人交往问题', '0', '3', null);
insert into niutal_WJDC_WJSTXXB (WJID, STID, XXID, XXMC, XXFZ, XSSX, TZSTID)values ('68ce56cd-c0e9-4f2c-aefc-96af556b1a67', 'stid_5', 'stid_5_xxid_4', '其他', '0', '4', null);
insert into niutal_WJDC_WJSTXXB (WJID, STID, XXID, XXMC, XXFZ, XSSX, TZSTID)values ('68ce56cd-c0e9-4f2c-aefc-96af556b1a67', 'stid_7', 'stid_7_xxid_0', '大学物理（乙）Ⅰ（工业设计）', '0', '0', null);
insert into niutal_WJDC_WJSTXXB (WJID, STID, XXID, XXMC, XXFZ, XSSX, TZSTID)values ('68ce56cd-c0e9-4f2c-aefc-96af556b1a67', 'stid_7', 'stid_7_xxid_1', '大学物理（乙）Ⅱ（工业设计）', '0', '1', null);
insert into niutal_WJDC_WJSTXXB (WJID, STID, XXID, XXMC, XXFZ, XSSX, TZSTID)values ('68ce56cd-c0e9-4f2c-aefc-96af556b1a67', 'stid_7', 'stid_7_xxid_2', '绘画基础 （产品设计）', '0', '2', null);
insert into niutal_WJDC_WJSTXXB (WJID, STID, XXID, XXMC, XXFZ, XSSX, TZSTID)values ('68ce56cd-c0e9-4f2c-aefc-96af556b1a67', 'stid_7', 'stid_7_xxid_3', '计算机辅助设计（产品设计）', '0', '3', null);
insert into niutal_WJDC_WJSTXXB (WJID, STID, XXID, XXMC, XXFZ, XSSX, TZSTID)values ('68ce56cd-c0e9-4f2c-aefc-96af556b1a67', 'stid_7', 'stid_7_xxid_4', '离散数学及其应用  ' || chr(9) || '    （计算机｜软件｜数字媒体）', '0', '4', null);
insert into niutal_WJDC_WJSTXXB (WJID, STID, XXID, XXMC, XXFZ, XSSX, TZSTID)values ('68ce56cd-c0e9-4f2c-aefc-96af556b1a67', 'stid_7', 'stid_7_xxid_5', '立体构成 （产品设计）', '0', '5', null);
insert into niutal_WJDC_WJSTXXB (WJID, STID, XXID, XXMC, XXFZ, XSSX, TZSTID)values ('68ce56cd-c0e9-4f2c-aefc-96af556b1a67', 'stid_7', 'stid_7_xxid_6', '面向对象程序设计        （计算机｜软件｜数字媒体）', '0', '6', null);
insert into niutal_WJDC_WJSTXXB (WJID, STID, XXID, XXMC, XXFZ, XSSX, TZSTID)values ('68ce56cd-c0e9-4f2c-aefc-96af556b1a67', 'stid_7', 'stid_7_xxid_7', '面向信息技术的沟通技巧 （计算机｜软件）', '0', '7', null);
insert into niutal_WJDC_WJSTXXB (WJID, STID, XXID, XXMC, XXFZ, XSSX, TZSTID)values ('68ce56cd-c0e9-4f2c-aefc-96af556b1a67', 'stid_7', 'stid_7_xxid_8', '色彩语言 （产品设计）', '0', '8', null);
insert into niutal_WJDC_WJSTXXB (WJID, STID, XXID, XXMC, XXFZ, XSSX, TZSTID)values ('68ce56cd-c0e9-4f2c-aefc-96af556b1a67', 'stid_7', 'stid_7_xxid_9', '设计概论 （产品设计）', '0', '9', null);
insert into niutal_WJDC_WJSTXXB (WJID, STID, XXID, XXMC, XXFZ, XSSX, TZSTID)values ('68ce56cd-c0e9-4f2c-aefc-96af556b1a67', 'stid_7', 'stid_7_xxid_10', '设计绘画  （工业设计）', '0', '10', null);
insert into niutal_WJDC_WJSTXXB (WJID, STID, XXID, XXMC, XXFZ, XSSX, TZSTID)values ('68ce56cd-c0e9-4f2c-aefc-96af556b1a67', 'stid_7', 'stid_7_xxid_11', '设计基础 （工业设计）', '0', '11', null);
insert into niutal_WJDC_WJSTXXB (WJID, STID, XXID, XXMC, XXFZ, XSSX, TZSTID)values ('68ce56cd-c0e9-4f2c-aefc-96af556b1a67', 'stid_7', 'stid_7_xxid_12', '摄影与后期制作 （产品设计）', '0', '12', null);
insert into niutal_WJDC_WJSTXXB (WJID, STID, XXID, XXMC, XXFZ, XSSX, TZSTID)values ('68ce56cd-c0e9-4f2c-aefc-96af556b1a67', 'stid_7', 'stid_7_xxid_13', '数据结构基础            （计算机｜软件｜数字媒体）', '0', '13', null);
insert into niutal_WJDC_WJSTXXB (WJID, STID, XXID, XXMC, XXFZ, XSSX, TZSTID)values ('68ce56cd-c0e9-4f2c-aefc-96af556b1a67', 'stid_7', 'stid_7_xxid_14', '数据库系统  （数字媒体）', '0', '14', null);
insert into niutal_WJDC_WJSTXXB (WJID, STID, XXID, XXMC, XXFZ, XSSX, TZSTID)values ('68ce56cd-c0e9-4f2c-aefc-96af556b1a67', 'stid_7', 'stid_7_xxid_15', '数字逻辑设计（计算机）', '0', '15', null);
insert into niutal_WJDC_WJSTXXB (WJID, STID, XXID, XXMC, XXFZ, XSSX, TZSTID)values ('68ce56cd-c0e9-4f2c-aefc-96af556b1a67', 'stid_7', 'stid_7_xxid_16', '图形语言（产品设计）', '0', '16', null);
insert into niutal_WJDC_WJSTXXB (WJID, STID, XXID, XXMC, XXFZ, XSSX, TZSTID)values ('68ce56cd-c0e9-4f2c-aefc-96af556b1a67', 'stid_7', 'stid_7_xxid_17', '微积分Ⅰ（工业设计）', '0', '17', null);
insert into niutal_WJDC_WJSTXXB (WJID, STID, XXID, XXMC, XXFZ, XSSX, TZSTID)values ('68ce56cd-c0e9-4f2c-aefc-96af556b1a67', 'stid_7', 'stid_7_xxid_18', '微积分Ⅱ （工业设计）', '0', '18', null);
insert into niutal_WJDC_WJSTXXB (WJID, STID, XXID, XXMC, XXFZ, XSSX, TZSTID)values ('68ce56cd-c0e9-4f2c-aefc-96af556b1a67', 'stid_7', 'stid_7_xxid_19', '微积分Ⅲ（工业设计）', '0', '19', null);
insert into niutal_WJDC_WJSTXXB (WJID, STID, XXID, XXMC, XXFZ, XSSX, TZSTID)values ('68ce56cd-c0e9-4f2c-aefc-96af556b1a67', 'stid_7', 'stid_7_xxid_20', '文化遗产导论 （产品设计）', '0', '20', null);
insert into niutal_WJDC_WJSTXXB (WJID, STID, XXID, XXMC, XXFZ, XSSX, TZSTID)values ('68ce56cd-c0e9-4f2c-aefc-96af556b1a67', 'stid_7', 'stid_7_xxid_21', '中国哲学 （产品设计）', '0', '21', null);
insert into niutal_WJDC_WJSTXXB (WJID, STID, XXID, XXMC, XXFZ, XSSX, TZSTID)values ('68ce56cd-c0e9-4f2c-aefc-96af556b1a67', 'stid_7', 'stid_7_xxid_22', '中外艺术设计史（产品设计）', '0', '22', null);
insert into niutal_WJDC_WJSTXXB (WJID, STID, XXID, XXMC, XXFZ, XSSX, TZSTID)values ('68ce56cd-c0e9-4f2c-aefc-96af556b1a67', 'stid_8', 'stid_8_xxid_0', '教学内容重要，很有用', '0', '0', null);
insert into niutal_WJDC_WJSTXXB (WJID, STID, XXID, XXMC, XXFZ, XSSX, TZSTID)values ('68ce56cd-c0e9-4f2c-aefc-96af556b1a67', 'stid_8', 'stid_8_xxid_1', '老师的教学方法好', '0', '1', null);
insert into niutal_WJDC_WJSTXXB (WJID, STID, XXID, XXMC, XXFZ, XSSX, TZSTID)values ('68ce56cd-c0e9-4f2c-aefc-96af556b1a67', 'stid_8', 'stid_8_xxid_2', '教学手段先进', '0', '2', null);
insert into niutal_WJDC_WJSTXXB (WJID, STID, XXID, XXMC, XXFZ, XSSX, TZSTID)values ('68ce56cd-c0e9-4f2c-aefc-96af556b1a67', 'stid_8', 'stid_8_xxid_3', '考核方法好', '0', '3', null);
insert into niutal_WJDC_WJSTXXB (WJID, STID, XXID, XXMC, XXFZ, XSSX, TZSTID)values ('68ce56cd-c0e9-4f2c-aefc-96af556b1a67', 'stid_8', 'stid_8_xxid_4', '教学班级容量小', '0', '4', null);
insert into niutal_WJDC_WJSTXXB (WJID, STID, XXID, XXMC, XXFZ, XSSX, TZSTID)values ('68ce56cd-c0e9-4f2c-aefc-96af556b1a67', 'stid_8', 'stid_8_xxid_5', '师资水平高', '0', '5', null);
insert into niutal_WJDC_WJSTXXB (WJID, STID, XXID, XXMC, XXFZ, XSSX, TZSTID)values ('68ce56cd-c0e9-4f2c-aefc-96af556b1a67', 'stid_8', 'stid_8_xxid_6', '其他', '0', '6', null);
insert into niutal_WJDC_WJSTXXB (WJID, STID, XXID, XXMC, XXFZ, XSSX, TZSTID)values ('68ce56cd-c0e9-4f2c-aefc-96af556b1a67', 'stid_9', 'stid_9_xxid_0', '大学物理（乙）Ⅰ（工业设计）', '0', '0', null);
insert into niutal_WJDC_WJSTXXB (WJID, STID, XXID, XXMC, XXFZ, XSSX, TZSTID)values ('68ce56cd-c0e9-4f2c-aefc-96af556b1a67', 'stid_9', 'stid_9_xxid_1', '大学物理（乙）Ⅱ（工业设计）', '0', '1', null);
insert into niutal_WJDC_WJSTXXB (WJID, STID, XXID, XXMC, XXFZ, XSSX, TZSTID)values ('68ce56cd-c0e9-4f2c-aefc-96af556b1a67', 'stid_9', 'stid_9_xxid_2', '绘画基础 （产品设计）', '0', '2', null);
insert into niutal_WJDC_WJSTXXB (WJID, STID, XXID, XXMC, XXFZ, XSSX, TZSTID)values ('68ce56cd-c0e9-4f2c-aefc-96af556b1a67', 'stid_9', 'stid_9_xxid_3', '计算机辅助设计（产品设计）', '0', '3', null);
insert into niutal_WJDC_WJSTXXB (WJID, STID, XXID, XXMC, XXFZ, XSSX, TZSTID)values ('68ce56cd-c0e9-4f2c-aefc-96af556b1a67', 'stid_9', 'stid_9_xxid_4', '离散数学及其应用  ' || chr(9) || '    （计算机｜软件｜数字媒体）', '0', '4', null);
insert into niutal_WJDC_WJSTXXB (WJID, STID, XXID, XXMC, XXFZ, XSSX, TZSTID)values ('68ce56cd-c0e9-4f2c-aefc-96af556b1a67', 'stid_9', 'stid_9_xxid_5', '立体构成 （产品设计）', '0', '5', null);
insert into niutal_WJDC_WJSTXXB (WJID, STID, XXID, XXMC, XXFZ, XSSX, TZSTID)values ('68ce56cd-c0e9-4f2c-aefc-96af556b1a67', 'stid_9', 'stid_9_xxid_6', '面向对象程序设计        （计算机｜软件｜数字媒体）', '0', '6', null);
insert into niutal_WJDC_WJSTXXB (WJID, STID, XXID, XXMC, XXFZ, XSSX, TZSTID)values ('68ce56cd-c0e9-4f2c-aefc-96af556b1a67', 'stid_9', 'stid_9_xxid_7', '面向信息技术的沟通技巧 （计算机｜软件）', '0', '7', null);
insert into niutal_WJDC_WJSTXXB (WJID, STID, XXID, XXMC, XXFZ, XSSX, TZSTID)values ('68ce56cd-c0e9-4f2c-aefc-96af556b1a67', 'stid_9', 'stid_9_xxid_8', '色彩语言 （产品设计）', '0', '8', null);
insert into niutal_WJDC_WJSTXXB (WJID, STID, XXID, XXMC, XXFZ, XSSX, TZSTID)values ('68ce56cd-c0e9-4f2c-aefc-96af556b1a67', 'stid_9', 'stid_9_xxid_9', '设计概论 （产品设计）', '0', '9', null);
insert into niutal_WJDC_WJSTXXB (WJID, STID, XXID, XXMC, XXFZ, XSSX, TZSTID)values ('68ce56cd-c0e9-4f2c-aefc-96af556b1a67', 'stid_9', 'stid_9_xxid_10', '设计绘画  （工业设计）', '0', '10', null);
insert into niutal_WJDC_WJSTXXB (WJID, STID, XXID, XXMC, XXFZ, XSSX, TZSTID)values ('68ce56cd-c0e9-4f2c-aefc-96af556b1a67', 'stid_9', 'stid_9_xxid_11', '设计基础 （工业设计）', '0', '11', null);
insert into niutal_WJDC_WJSTXXB (WJID, STID, XXID, XXMC, XXFZ, XSSX, TZSTID)values ('68ce56cd-c0e9-4f2c-aefc-96af556b1a67', 'stid_9', 'stid_9_xxid_12', '摄影与后期制作 （产品设计）', '0', '12', null);
insert into niutal_WJDC_WJSTXXB (WJID, STID, XXID, XXMC, XXFZ, XSSX, TZSTID)values ('68ce56cd-c0e9-4f2c-aefc-96af556b1a67', 'stid_9', 'stid_9_xxid_13', '数据结构基础            （计算机｜软件｜数字媒体）', '0', '13', null);
insert into niutal_WJDC_WJSTXXB (WJID, STID, XXID, XXMC, XXFZ, XSSX, TZSTID)values ('68ce56cd-c0e9-4f2c-aefc-96af556b1a67', 'stid_9', 'stid_9_xxid_14', '数据库系统  （数字媒体）', '0', '14', null);
insert into niutal_WJDC_WJSTXXB (WJID, STID, XXID, XXMC, XXFZ, XSSX, TZSTID)values ('68ce56cd-c0e9-4f2c-aefc-96af556b1a67', 'stid_9', 'stid_9_xxid_15', '数字逻辑设计（计算机）', '0', '15', null);
insert into niutal_WJDC_WJSTXXB (WJID, STID, XXID, XXMC, XXFZ, XSSX, TZSTID)values ('68ce56cd-c0e9-4f2c-aefc-96af556b1a67', 'stid_9', 'stid_9_xxid_16', '图形语言（产品设计）', '0', '16', null);
insert into niutal_WJDC_WJSTXXB (WJID, STID, XXID, XXMC, XXFZ, XSSX, TZSTID)values ('68ce56cd-c0e9-4f2c-aefc-96af556b1a67', 'stid_9', 'stid_9_xxid_17', '微积分Ⅰ（工业设计）', '0', '17', null);
insert into niutal_WJDC_WJSTXXB (WJID, STID, XXID, XXMC, XXFZ, XSSX, TZSTID)values ('68ce56cd-c0e9-4f2c-aefc-96af556b1a67', 'stid_9', 'stid_9_xxid_18', '微积分Ⅱ （工业设计）', '0', '18', null);
insert into niutal_WJDC_WJSTXXB (WJID, STID, XXID, XXMC, XXFZ, XSSX, TZSTID)values ('68ce56cd-c0e9-4f2c-aefc-96af556b1a67', 'stid_9', 'stid_9_xxid_19', '微积分Ⅲ（工业设计）', '0', '19', null);
insert into niutal_WJDC_WJSTXXB (WJID, STID, XXID, XXMC, XXFZ, XSSX, TZSTID)values ('68ce56cd-c0e9-4f2c-aefc-96af556b1a67', 'stid_9', 'stid_9_xxid_20', '文化遗产导论 （产品设计）', '0', '20', null);
insert into niutal_WJDC_WJSTXXB (WJID, STID, XXID, XXMC, XXFZ, XSSX, TZSTID)values ('68ce56cd-c0e9-4f2c-aefc-96af556b1a67', 'stid_9', 'stid_9_xxid_21', '中国哲学 （产品设计）', '0', '21', null);
insert into niutal_WJDC_WJSTXXB (WJID, STID, XXID, XXMC, XXFZ, XSSX, TZSTID)values ('68ce56cd-c0e9-4f2c-aefc-96af556b1a67', 'stid_9', 'stid_9_xxid_22', '中外艺术设计史（产品设计）', '0', '22', null);
insert into niutal_WJDC_WJSTXXB (WJID, STID, XXID, XXMC, XXFZ, XSSX, TZSTID)values ('68ce56cd-c0e9-4f2c-aefc-96af556b1a67', 'stid_10', 'stid_10_xxid_0', '更新教学内容', '0', '0', null);
insert into niutal_WJDC_WJSTXXB (WJID, STID, XXID, XXMC, XXFZ, XSSX, TZSTID)values ('68ce56cd-c0e9-4f2c-aefc-96af556b1a67', 'stid_10', 'stid_10_xxid_1', '改进老师的教学方法', '0', '1', null);
insert into niutal_WJDC_WJSTXXB (WJID, STID, XXID, XXMC, XXFZ, XSSX, TZSTID)values ('68ce56cd-c0e9-4f2c-aefc-96af556b1a67', 'stid_10', 'stid_10_xxid_2', '改善教学手段', '0', '2', null);
insert into niutal_WJDC_WJSTXXB (WJID, STID, XXID, XXMC, XXFZ, XSSX, TZSTID)values ('68ce56cd-c0e9-4f2c-aefc-96af556b1a67', 'stid_10', 'stid_10_xxid_3', '改进考核方法', '0', '3', null);
insert into niutal_WJDC_WJSTXXB (WJID, STID, XXID, XXMC, XXFZ, XSSX, TZSTID)values ('68ce56cd-c0e9-4f2c-aefc-96af556b1a67', 'stid_10', 'stid_10_xxid_4', '减小教学班级容量', '0', '4', null);
insert into niutal_WJDC_WJSTXXB (WJID, STID, XXID, XXMC, XXFZ, XSSX, TZSTID)values ('68ce56cd-c0e9-4f2c-aefc-96af556b1a67', 'stid_10', 'stid_10_xxid_5', '提高师资水平', '0', '5', null);
insert into niutal_WJDC_WJSTXXB (WJID, STID, XXID, XXMC, XXFZ, XSSX, TZSTID)values ('68ce56cd-c0e9-4f2c-aefc-96af556b1a67', 'stid_10', 'stid_10_xxid_6', '选项3', '0', '6', null);
insert into niutal_WJDC_WJSTXXB (WJID, STID, XXID, XXMC, XXFZ, XSSX, TZSTID)values ('68ce56cd-c0e9-4f2c-aefc-96af556b1a67', 'stid_11', 'stid_11_xxid_0', '编译原理 （计算机）', '0', '0', null);
insert into niutal_WJDC_WJSTXXB (WJID, STID, XXID, XXMC, XXFZ, XSSX, TZSTID)values ('68ce56cd-c0e9-4f2c-aefc-96af556b1a67', 'stid_11', 'stid_11_xxid_1', '操作系统 （计算机）', '0', '1', null);
insert into niutal_WJDC_WJSTXXB (WJID, STID, XXID, XXMC, XXFZ, XSSX, TZSTID)values ('68ce56cd-c0e9-4f2c-aefc-96af556b1a67', 'stid_11', 'stid_11_xxid_2', '操作系统（软件）', '0', '2', null);
insert into niutal_WJDC_WJSTXXB (WJID, STID, XXID, XXMC, XXFZ, XSSX, TZSTID)values ('68ce56cd-c0e9-4f2c-aefc-96af556b1a67', 'stid_11', 'stid_11_xxid_3', '产品设计Ⅰ（产品设计）', '0', '3', null);
insert into niutal_WJDC_WJSTXXB (WJID, STID, XXID, XXMC, XXFZ, XSSX, TZSTID)values ('68ce56cd-c0e9-4f2c-aefc-96af556b1a67', 'stid_11', 'stid_11_xxid_4', '产品设计Ⅱ （产品设计）', '0', '4', null);
insert into niutal_WJDC_WJSTXXB (WJID, STID, XXID, XXMC, XXFZ, XSSX, TZSTID)values ('68ce56cd-c0e9-4f2c-aefc-96af556b1a67', 'stid_11', 'stid_11_xxid_5', '产品形式与方式设计 （工业设计｜产品设计）', '0', '5', null);
insert into niutal_WJDC_WJSTXXB (WJID, STID, XXID, XXMC, XXFZ, XSSX, TZSTID)values ('68ce56cd-c0e9-4f2c-aefc-96af556b1a67', 'stid_11', 'stid_11_xxid_6', '大规模软件系统构建技术导论（软件）', '0', '6', null);
insert into niutal_WJDC_WJSTXXB (WJID, STID, XXID, XXMC, XXFZ, XSSX, TZSTID)values ('68ce56cd-c0e9-4f2c-aefc-96af556b1a67', 'stid_11', 'stid_11_xxid_7', '服务创新设计（产品设计）', '0', '7', null);
insert into niutal_WJDC_WJSTXXB (WJID, STID, XXID, XXMC, XXFZ, XSSX, TZSTID)values ('68ce56cd-c0e9-4f2c-aefc-96af556b1a67', 'stid_11', 'stid_11_xxid_8', '高级数据结构与算法分析（计算机｜软件）', '0', '8', null);
insert into niutal_WJDC_WJSTXXB (WJID, STID, XXID, XXMC, XXFZ, XSSX, TZSTID)values ('68ce56cd-c0e9-4f2c-aefc-96af556b1a67', 'stid_11', 'stid_11_xxid_9', '国际证券市场导论（软件）', '0', '9', null);
insert into niutal_WJDC_WJSTXXB (WJID, STID, XXID, XXMC, XXFZ, XSSX, TZSTID)values ('68ce56cd-c0e9-4f2c-aefc-96af556b1a67', 'stid_11', 'stid_11_xxid_10', '计算机动画（数字媒体）', '0', '10', null);
insert into niutal_WJDC_WJSTXXB (WJID, STID, XXID, XXMC, XXFZ, XSSX, TZSTID)values ('68ce56cd-c0e9-4f2c-aefc-96af556b1a67', 'stid_11', 'stid_11_xxid_11', '计算机辅助工业设计 （工业设计｜产品设计）', '0', '11', null);
insert into niutal_WJDC_WJSTXXB (WJID, STID, XXID, XXMC, XXFZ, XSSX, TZSTID)values ('68ce56cd-c0e9-4f2c-aefc-96af556b1a67', 'stid_11', 'stid_11_xxid_12', '计算机视觉（数字媒体）', '0', '12', null);
insert into niutal_WJDC_WJSTXXB (WJID, STID, XXID, XXMC, XXFZ, XSSX, TZSTID)values ('68ce56cd-c0e9-4f2c-aefc-96af556b1a67', 'stid_11', 'stid_11_xxid_13', '计算机体系结构 （计算机）', '0', '13', null);
insert into niutal_WJDC_WJSTXXB (WJID, STID, XXID, XXMC, XXFZ, XSSX, TZSTID)values ('68ce56cd-c0e9-4f2c-aefc-96af556b1a67', 'stid_11', 'stid_11_xxid_14', '计算机图形学（数字媒体）', '0', '14', null);
insert into niutal_WJDC_WJSTXXB (WJID, STID, XXID, XXMC, XXFZ, XSSX, TZSTID)values ('68ce56cd-c0e9-4f2c-aefc-96af556b1a67', 'stid_11', 'stid_11_xxid_15', '计算机网络' || chr(9) || '                （计算机｜软件｜数字媒体）', '0', '15', null);
insert into niutal_WJDC_WJSTXXB (WJID, STID, XXID, XXMC, XXFZ, XSSX, TZSTID)values ('68ce56cd-c0e9-4f2c-aefc-96af556b1a67', 'stid_11', 'stid_11_xxid_16', '计算机系统原理 （软件）', '0', '16', null);
insert into niutal_WJDC_WJSTXXB (WJID, STID, XXID, XXMC, XXFZ, XSSX, TZSTID)values ('68ce56cd-c0e9-4f2c-aefc-96af556b1a67', 'stid_11', 'stid_11_xxid_17', '计算机游戏程序设计' || chr(9) || ' （数字媒体）', '0', '17', null);
insert into niutal_WJDC_WJSTXXB (WJID, STID, XXID, XXMC, XXFZ, XSSX, TZSTID)values ('68ce56cd-c0e9-4f2c-aefc-96af556b1a67', 'stid_11', 'stid_11_xxid_18', '计算机组成 （计算机）', '0', '18', null);
insert into niutal_WJDC_WJSTXXB (WJID, STID, XXID, XXMC, XXFZ, XSSX, TZSTID)values ('68ce56cd-c0e9-4f2c-aefc-96af556b1a67', 'stid_11', 'stid_11_xxid_19', '计算理论 （计算机）', '0', '19', null);
insert into niutal_WJDC_WJSTXXB (WJID, STID, XXID, XXMC, XXFZ, XSSX, TZSTID)values ('68ce56cd-c0e9-4f2c-aefc-96af556b1a67', 'stid_11', 'stid_11_xxid_20', '离散数学及其应用（求是科学班）', '0', '20', null);
insert into niutal_WJDC_WJSTXXB (WJID, STID, XXID, XXMC, XXFZ, XSSX, TZSTID)values ('68ce56cd-c0e9-4f2c-aefc-96af556b1a67', 'stid_11', 'stid_11_xxid_21', '媒体信号处理基础（数字媒体）', '0', '21', null);
insert into niutal_WJDC_WJSTXXB (WJID, STID, XXID, XXMC, XXFZ, XSSX, TZSTID)values ('68ce56cd-c0e9-4f2c-aefc-96af556b1a67', 'stid_11', 'stid_11_xxid_22', '人机工程学与创新设计（工业设计｜产品设计）', '0', '22', null);
insert into niutal_WJDC_WJSTXXB (WJID, STID, XXID, XXMC, XXFZ, XSSX, TZSTID)values ('68ce56cd-c0e9-4f2c-aefc-96af556b1a67', 'stid_11', 'stid_11_xxid_23', '人机交互技术（数字媒体）', '0', '23', null);
insert into niutal_WJDC_WJSTXXB (WJID, STID, XXID, XXMC, XXFZ, XSSX, TZSTID)values ('68ce56cd-c0e9-4f2c-aefc-96af556b1a67', 'stid_11', 'stid_11_xxid_24', '软件工程（计算机）', '0', '24', null);
insert into niutal_WJDC_WJSTXXB (WJID, STID, XXID, XXMC, XXFZ, XSSX, TZSTID)values ('68ce56cd-c0e9-4f2c-aefc-96af556b1a67', 'stid_11', 'stid_11_xxid_25', '软件工程基础（软件）', '0', '25', null);
insert into niutal_WJDC_WJSTXXB (WJID, STID, XXID, XXMC, XXFZ, XSSX, TZSTID)values ('68ce56cd-c0e9-4f2c-aefc-96af556b1a67', 'stid_11', 'stid_11_xxid_26', '商业创新设计 （工业设计｜产品设计）', '0', '26', null);
insert into niutal_WJDC_WJSTXXB (WJID, STID, XXID, XXMC, XXFZ, XSSX, TZSTID)values ('68ce56cd-c0e9-4f2c-aefc-96af556b1a67', 'stid_11', 'stid_11_xxid_27', '设计思维与表达（工业设计｜产品设计）', '0', '27', null);
insert into niutal_WJDC_WJSTXXB (WJID, STID, XXID, XXMC, XXFZ, XSSX, TZSTID)values ('68ce56cd-c0e9-4f2c-aefc-96af556b1a67', 'stid_11', 'stid_11_xxid_28', '实体与结构 （工业设计｜产品设计）', '0', '28', null);
insert into niutal_WJDC_WJSTXXB (WJID, STID, XXID, XXMC, XXFZ, XSSX, TZSTID)values ('68ce56cd-c0e9-4f2c-aefc-96af556b1a67', 'stid_11', 'stid_11_xxid_29', '数据结构基础 （求是科学班）', '0', '29', null);
insert into niutal_WJDC_WJSTXXB (WJID, STID, XXID, XXMC, XXFZ, XSSX, TZSTID)values ('68ce56cd-c0e9-4f2c-aefc-96af556b1a67', 'stid_11', 'stid_11_xxid_30', '数据库系统（计算机）', '0', '30', null);
insert into niutal_WJDC_WJSTXXB (WJID, STID, XXID, XXMC, XXFZ, XSSX, TZSTID)values ('68ce56cd-c0e9-4f2c-aefc-96af556b1a67', 'stid_11', 'stid_11_xxid_31', '数据库系统（软件）', '0', '31', null);
insert into niutal_WJDC_WJSTXXB (WJID, STID, XXID, XXMC, XXFZ, XSSX, TZSTID)values ('68ce56cd-c0e9-4f2c-aefc-96af556b1a67', 'stid_11', 'stid_11_xxid_32', '数字媒体资源管理（数字媒体）', '0', '32', null);
insert into niutal_WJDC_WJSTXXB (WJID, STID, XXID, XXMC, XXFZ, XSSX, TZSTID)values ('68ce56cd-c0e9-4f2c-aefc-96af556b1a67', 'stid_11', 'stid_11_xxid_33', '数字摄影（数字媒体）', '0', '33', null);
insert into niutal_WJDC_WJSTXXB (WJID, STID, XXID, XXMC, XXFZ, XSSX, TZSTID)values ('68ce56cd-c0e9-4f2c-aefc-96af556b1a67', 'stid_11', 'stid_11_xxid_34', '数字视音频处理 （数字媒体）', '0', '34', null);
insert into niutal_WJDC_WJSTXXB (WJID, STID, XXID, XXMC, XXFZ, XSSX, TZSTID)values ('68ce56cd-c0e9-4f2c-aefc-96af556b1a67', 'stid_11', 'stid_11_xxid_35', '图像信息处理（数字媒体）', '0', '35', null);
insert into niutal_WJDC_WJSTXXB (WJID, STID, XXID, XXMC, XXFZ, XSSX, TZSTID)values ('68ce56cd-c0e9-4f2c-aefc-96af556b1a67', 'stid_11', 'stid_11_xxid_36', '文化构成与创新设计 （工业设计｜产品设计）', '0', '36', null);
insert into niutal_WJDC_WJSTXXB (WJID, STID, XXID, XXMC, XXFZ, XSSX, TZSTID)values ('68ce56cd-c0e9-4f2c-aefc-96af556b1a67', 'stid_11', 'stid_11_xxid_37', '先进制造 ' || chr(9) || ' （工业设计）', '0', '37', null);
insert into niutal_WJDC_WJSTXXB (WJID, STID, XXID, XXMC, XXFZ, XSSX, TZSTID)values ('68ce56cd-c0e9-4f2c-aefc-96af556b1a67', 'stid_11', 'stid_11_xxid_38', '项目实训（软件）', '0', '38', null);
insert into niutal_WJDC_WJSTXXB (WJID, STID, XXID, XXMC, XXFZ, XSSX, TZSTID)values ('68ce56cd-c0e9-4f2c-aefc-96af556b1a67', 'stid_11', 'stid_11_xxid_39', '信息安全原理（软件）', '0', '39', null);
insert into niutal_WJDC_WJSTXXB (WJID, STID, XXID, XXMC, XXFZ, XSSX, TZSTID)values ('68ce56cd-c0e9-4f2c-aefc-96af556b1a67', 'stid_11', 'stid_11_xxid_40', '信息产品设计 （工业设计）', '0', '40', null);
insert into niutal_WJDC_WJSTXXB (WJID, STID, XXID, XXMC, XXFZ, XSSX, TZSTID)values ('68ce56cd-c0e9-4f2c-aefc-96af556b1a67', 'stid_11', 'stid_11_xxid_41', '信息与交互设计技术 （工业设计｜产品设计）', '0', '41', null);
insert into niutal_WJDC_WJSTXXB (WJID, STID, XXID, XXMC, XXFZ, XSSX, TZSTID)values ('68ce56cd-c0e9-4f2c-aefc-96af556b1a67', 'stid_11', 'stid_11_xxid_42', '虚拟现实与数字娱乐（数字媒体）', '0', '42', null);
insert into niutal_WJDC_WJSTXXB (WJID, STID, XXID, XXMC, XXFZ, XSSX, TZSTID)values ('68ce56cd-c0e9-4f2c-aefc-96af556b1a67', 'stid_11', 'stid_11_xxid_43', '用户体验与产品创新设计（工业设计｜产品设计）', '0', '43', null);
insert into niutal_WJDC_WJSTXXB (WJID, STID, XXID, XXMC, XXFZ, XSSX, TZSTID)values ('68ce56cd-c0e9-4f2c-aefc-96af556b1a67', 'stid_11', 'stid_11_xxid_44', '造型基础（数字媒体）', '0', '44', null);
insert into niutal_WJDC_WJSTXXB (WJID, STID, XXID, XXMC, XXFZ, XSSX, TZSTID)values ('68ce56cd-c0e9-4f2c-aefc-96af556b1a67', 'stid_12', 'stid_12_xxid_0', '教学内容重要，很有用', '0', '0', null);
insert into niutal_WJDC_WJSTXXB (WJID, STID, XXID, XXMC, XXFZ, XSSX, TZSTID)values ('68ce56cd-c0e9-4f2c-aefc-96af556b1a67', 'stid_12', 'stid_12_xxid_1', '老师的教学方法好', '0', '1', null);
insert into niutal_WJDC_WJSTXXB (WJID, STID, XXID, XXMC, XXFZ, XSSX, TZSTID)values ('68ce56cd-c0e9-4f2c-aefc-96af556b1a67', 'stid_12', 'stid_12_xxid_2', '教学手段先进', '0', '2', null);
insert into niutal_WJDC_WJSTXXB (WJID, STID, XXID, XXMC, XXFZ, XSSX, TZSTID)values ('68ce56cd-c0e9-4f2c-aefc-96af556b1a67', 'stid_12', 'stid_12_xxid_3', '考核方法好', '0', '3', null);
insert into niutal_WJDC_WJSTXXB (WJID, STID, XXID, XXMC, XXFZ, XSSX, TZSTID)values ('68ce56cd-c0e9-4f2c-aefc-96af556b1a67', 'stid_12', 'stid_12_xxid_4', '教学班级容量小', '0', '4', null);
insert into niutal_WJDC_WJSTXXB (WJID, STID, XXID, XXMC, XXFZ, XSSX, TZSTID)values ('68ce56cd-c0e9-4f2c-aefc-96af556b1a67', 'stid_12', 'stid_12_xxid_5', '师资水平高', '0', '5', null);
insert into niutal_WJDC_WJSTXXB (WJID, STID, XXID, XXMC, XXFZ, XSSX, TZSTID)values ('68ce56cd-c0e9-4f2c-aefc-96af556b1a67', 'stid_12', 'stid_12_xxid_6', '选项3', '0', '6', null);
insert into niutal_WJDC_WJSTXXB (WJID, STID, XXID, XXMC, XXFZ, XSSX, TZSTID)values ('68ce56cd-c0e9-4f2c-aefc-96af556b1a67', 'stid_13', 'stid_13_xxid_0', '编译原理 （计算机）', '0', '0', null);
insert into niutal_WJDC_WJSTXXB (WJID, STID, XXID, XXMC, XXFZ, XSSX, TZSTID)values ('68ce56cd-c0e9-4f2c-aefc-96af556b1a67', 'stid_13', 'stid_13_xxid_1', '操作系统 （计算机）', '0', '1', null);
insert into niutal_WJDC_WJSTXXB (WJID, STID, XXID, XXMC, XXFZ, XSSX, TZSTID)values ('68ce56cd-c0e9-4f2c-aefc-96af556b1a67', 'stid_13', 'stid_13_xxid_2', '操作系统（软件）', '0', '2', null);
insert into niutal_WJDC_WJSTXXB (WJID, STID, XXID, XXMC, XXFZ, XSSX, TZSTID)values ('68ce56cd-c0e9-4f2c-aefc-96af556b1a67', 'stid_13', 'stid_13_xxid_3', '产品设计Ⅰ（产品设计）', '0', '3', null);
insert into niutal_WJDC_WJSTXXB (WJID, STID, XXID, XXMC, XXFZ, XSSX, TZSTID)values ('68ce56cd-c0e9-4f2c-aefc-96af556b1a67', 'stid_13', 'stid_13_xxid_4', '产品设计Ⅱ （产品设计）', '0', '4', null);
insert into niutal_WJDC_WJSTXXB (WJID, STID, XXID, XXMC, XXFZ, XSSX, TZSTID)values ('68ce56cd-c0e9-4f2c-aefc-96af556b1a67', 'stid_13', 'stid_13_xxid_5', '产品形式与方式设计 （工业设计｜产品设计）', '0', '5', null);
insert into niutal_WJDC_WJSTXXB (WJID, STID, XXID, XXMC, XXFZ, XSSX, TZSTID)values ('68ce56cd-c0e9-4f2c-aefc-96af556b1a67', 'stid_13', 'stid_13_xxid_6', '大规模软件系统构建技术导论（软件）', '0', '6', null);
insert into niutal_WJDC_WJSTXXB (WJID, STID, XXID, XXMC, XXFZ, XSSX, TZSTID)values ('68ce56cd-c0e9-4f2c-aefc-96af556b1a67', 'stid_13', 'stid_13_xxid_7', '服务创新设计（产品设计）', '0', '7', null);
insert into niutal_WJDC_WJSTXXB (WJID, STID, XXID, XXMC, XXFZ, XSSX, TZSTID)values ('68ce56cd-c0e9-4f2c-aefc-96af556b1a67', 'stid_13', 'stid_13_xxid_8', '高级数据结构与算法分析（计算机｜软件）', '0', '8', null);
insert into niutal_WJDC_WJSTXXB (WJID, STID, XXID, XXMC, XXFZ, XSSX, TZSTID)values ('68ce56cd-c0e9-4f2c-aefc-96af556b1a67', 'stid_13', 'stid_13_xxid_9', '国际证券市场导论（软件）', '0', '9', null);
insert into niutal_WJDC_WJSTXXB (WJID, STID, XXID, XXMC, XXFZ, XSSX, TZSTID)values ('68ce56cd-c0e9-4f2c-aefc-96af556b1a67', 'stid_13', 'stid_13_xxid_10', '计算机动画（数字媒体）', '0', '10', null);
insert into niutal_WJDC_WJSTXXB (WJID, STID, XXID, XXMC, XXFZ, XSSX, TZSTID)values ('68ce56cd-c0e9-4f2c-aefc-96af556b1a67', 'stid_13', 'stid_13_xxid_11', '计算机辅助工业设计 （工业设计｜产品设计）', '0', '11', null);
insert into niutal_WJDC_WJSTXXB (WJID, STID, XXID, XXMC, XXFZ, XSSX, TZSTID)values ('68ce56cd-c0e9-4f2c-aefc-96af556b1a67', 'stid_13', 'stid_13_xxid_12', '计算机视觉（数字媒体）', '0', '12', null);
insert into niutal_WJDC_WJSTXXB (WJID, STID, XXID, XXMC, XXFZ, XSSX, TZSTID)values ('68ce56cd-c0e9-4f2c-aefc-96af556b1a67', 'stid_13', 'stid_13_xxid_13', '计算机体系结构 （计算机）', '0', '13', null);
insert into niutal_WJDC_WJSTXXB (WJID, STID, XXID, XXMC, XXFZ, XSSX, TZSTID)values ('68ce56cd-c0e9-4f2c-aefc-96af556b1a67', 'stid_13', 'stid_13_xxid_14', '计算机图形学（数字媒体）', '0', '14', null);
insert into niutal_WJDC_WJSTXXB (WJID, STID, XXID, XXMC, XXFZ, XSSX, TZSTID)values ('68ce56cd-c0e9-4f2c-aefc-96af556b1a67', 'stid_13', 'stid_13_xxid_15', '计算机网络' || chr(9) || '                （计算机｜软件｜数字媒体）', '0', '15', null);
insert into niutal_WJDC_WJSTXXB (WJID, STID, XXID, XXMC, XXFZ, XSSX, TZSTID)values ('68ce56cd-c0e9-4f2c-aefc-96af556b1a67', 'stid_13', 'stid_13_xxid_16', '计算机系统原理 （软件）', '0', '16', null);
insert into niutal_WJDC_WJSTXXB (WJID, STID, XXID, XXMC, XXFZ, XSSX, TZSTID)values ('68ce56cd-c0e9-4f2c-aefc-96af556b1a67', 'stid_13', 'stid_13_xxid_17', '计算机游戏程序设计' || chr(9) || ' （数字媒体）', '0', '17', null);
insert into niutal_WJDC_WJSTXXB (WJID, STID, XXID, XXMC, XXFZ, XSSX, TZSTID)values ('68ce56cd-c0e9-4f2c-aefc-96af556b1a67', 'stid_13', 'stid_13_xxid_18', '计算机组成 （计算机）', '0', '18', null);
insert into niutal_WJDC_WJSTXXB (WJID, STID, XXID, XXMC, XXFZ, XSSX, TZSTID)values ('68ce56cd-c0e9-4f2c-aefc-96af556b1a67', 'stid_13', 'stid_13_xxid_19', '计算理论 （计算机）', '0', '19', null);
insert into niutal_WJDC_WJSTXXB (WJID, STID, XXID, XXMC, XXFZ, XSSX, TZSTID)values ('68ce56cd-c0e9-4f2c-aefc-96af556b1a67', 'stid_13', 'stid_13_xxid_20', '离散数学及其应用（求是科学班）', '0', '20', null);
insert into niutal_WJDC_WJSTXXB (WJID, STID, XXID, XXMC, XXFZ, XSSX, TZSTID)values ('68ce56cd-c0e9-4f2c-aefc-96af556b1a67', 'stid_13', 'stid_13_xxid_21', '媒体信号处理基础（数字媒体）', '0', '21', null);
insert into niutal_WJDC_WJSTXXB (WJID, STID, XXID, XXMC, XXFZ, XSSX, TZSTID)values ('68ce56cd-c0e9-4f2c-aefc-96af556b1a67', 'stid_13', 'stid_13_xxid_22', '人机工程学与创新设计（工业设计｜产品设计）', '0', '22', null);
insert into niutal_WJDC_WJSTXXB (WJID, STID, XXID, XXMC, XXFZ, XSSX, TZSTID)values ('68ce56cd-c0e9-4f2c-aefc-96af556b1a67', 'stid_13', 'stid_13_xxid_23', '人机交互技术（数字媒体）', '0', '23', null);
insert into niutal_WJDC_WJSTXXB (WJID, STID, XXID, XXMC, XXFZ, XSSX, TZSTID)values ('68ce56cd-c0e9-4f2c-aefc-96af556b1a67', 'stid_13', 'stid_13_xxid_24', '软件工程（计算机）', '0', '24', null);
insert into niutal_WJDC_WJSTXXB (WJID, STID, XXID, XXMC, XXFZ, XSSX, TZSTID)values ('68ce56cd-c0e9-4f2c-aefc-96af556b1a67', 'stid_13', 'stid_13_xxid_25', '软件工程基础（软件）', '0', '25', null);
insert into niutal_WJDC_WJSTXXB (WJID, STID, XXID, XXMC, XXFZ, XSSX, TZSTID)values ('68ce56cd-c0e9-4f2c-aefc-96af556b1a67', 'stid_13', 'stid_13_xxid_26', '商业创新设计 （工业设计｜产品设计）', '0', '26', null);
insert into niutal_WJDC_WJSTXXB (WJID, STID, XXID, XXMC, XXFZ, XSSX, TZSTID)values ('68ce56cd-c0e9-4f2c-aefc-96af556b1a67', 'stid_13', 'stid_13_xxid_27', '设计思维与表达（工业设计｜产品设计）', '0', '27', null);
insert into niutal_WJDC_WJSTXXB (WJID, STID, XXID, XXMC, XXFZ, XSSX, TZSTID)values ('68ce56cd-c0e9-4f2c-aefc-96af556b1a67', 'stid_13', 'stid_13_xxid_28', '实体与结构 （工业设计｜产品设计）', '0', '28', null);
insert into niutal_WJDC_WJSTXXB (WJID, STID, XXID, XXMC, XXFZ, XSSX, TZSTID)values ('68ce56cd-c0e9-4f2c-aefc-96af556b1a67', 'stid_13', 'stid_13_xxid_29', '数据结构基础 （求是科学班）', '0', '29', null);
insert into niutal_WJDC_WJSTXXB (WJID, STID, XXID, XXMC, XXFZ, XSSX, TZSTID)values ('68ce56cd-c0e9-4f2c-aefc-96af556b1a67', 'stid_13', 'stid_13_xxid_30', '数据库系统（计算机）', '0', '30', null);
insert into niutal_WJDC_WJSTXXB (WJID, STID, XXID, XXMC, XXFZ, XSSX, TZSTID)values ('68ce56cd-c0e9-4f2c-aefc-96af556b1a67', 'stid_13', 'stid_13_xxid_31', '数据库系统（软件）', '0', '31', null);
insert into niutal_WJDC_WJSTXXB (WJID, STID, XXID, XXMC, XXFZ, XSSX, TZSTID)values ('68ce56cd-c0e9-4f2c-aefc-96af556b1a67', 'stid_13', 'stid_13_xxid_32', '数字媒体资源管理（数字媒体）', '0', '32', null);
insert into niutal_WJDC_WJSTXXB (WJID, STID, XXID, XXMC, XXFZ, XSSX, TZSTID)values ('68ce56cd-c0e9-4f2c-aefc-96af556b1a67', 'stid_13', 'stid_13_xxid_33', '数字摄影（数字媒体）', '0', '33', null);
insert into niutal_WJDC_WJSTXXB (WJID, STID, XXID, XXMC, XXFZ, XSSX, TZSTID)values ('68ce56cd-c0e9-4f2c-aefc-96af556b1a67', 'stid_13', 'stid_13_xxid_34', '数字视音频处理 （数字媒体）', '0', '34', null);
insert into niutal_WJDC_WJSTXXB (WJID, STID, XXID, XXMC, XXFZ, XSSX, TZSTID)values ('68ce56cd-c0e9-4f2c-aefc-96af556b1a67', 'stid_13', 'stid_13_xxid_35', '图像信息处理（数字媒体）', '0', '35', null);
insert into niutal_WJDC_WJSTXXB (WJID, STID, XXID, XXMC, XXFZ, XSSX, TZSTID)values ('68ce56cd-c0e9-4f2c-aefc-96af556b1a67', 'stid_13', 'stid_13_xxid_36', '文化构成与创新设计 （工业设计｜产品设计）', '0', '36', null);
insert into niutal_WJDC_WJSTXXB (WJID, STID, XXID, XXMC, XXFZ, XSSX, TZSTID)values ('68ce56cd-c0e9-4f2c-aefc-96af556b1a67', 'stid_13', 'stid_13_xxid_37', '先进制造 ' || chr(9) || ' （工业设计）', '0', '37', null);
insert into niutal_WJDC_WJSTXXB (WJID, STID, XXID, XXMC, XXFZ, XSSX, TZSTID)values ('68ce56cd-c0e9-4f2c-aefc-96af556b1a67', 'stid_13', 'stid_13_xxid_38', '项目实训（软件）', '0', '38', null);
insert into niutal_WJDC_WJSTXXB (WJID, STID, XXID, XXMC, XXFZ, XSSX, TZSTID)values ('68ce56cd-c0e9-4f2c-aefc-96af556b1a67', 'stid_13', 'stid_13_xxid_39', '信息安全原理（软件）', '0', '39', null);
insert into niutal_WJDC_WJSTXXB (WJID, STID, XXID, XXMC, XXFZ, XSSX, TZSTID)values ('68ce56cd-c0e9-4f2c-aefc-96af556b1a67', 'stid_13', 'stid_13_xxid_40', '信息产品设计 （工业设计）', '0', '40', null);
insert into niutal_WJDC_WJSTXXB (WJID, STID, XXID, XXMC, XXFZ, XSSX, TZSTID)values ('68ce56cd-c0e9-4f2c-aefc-96af556b1a67', 'stid_13', 'stid_13_xxid_41', '信息与交互设计技术 （工业设计｜产品设计）', '0', '41', null);
insert into niutal_WJDC_WJSTXXB (WJID, STID, XXID, XXMC, XXFZ, XSSX, TZSTID)values ('68ce56cd-c0e9-4f2c-aefc-96af556b1a67', 'stid_13', 'stid_13_xxid_42', '虚拟现实与数字娱乐（数字媒体）', '0', '42', null);
insert into niutal_WJDC_WJSTXXB (WJID, STID, XXID, XXMC, XXFZ, XSSX, TZSTID)values ('68ce56cd-c0e9-4f2c-aefc-96af556b1a67', 'stid_13', 'stid_13_xxid_43', '用户体验与产品创新设计（工业设计｜产品设计）', '0', '43', null);
insert into niutal_WJDC_WJSTXXB (WJID, STID, XXID, XXMC, XXFZ, XSSX, TZSTID)values ('68ce56cd-c0e9-4f2c-aefc-96af556b1a67', 'stid_13', 'stid_13_xxid_44', '造型基础（数字媒体）', '0', '44', null);
insert into niutal_WJDC_WJSTXXB (WJID, STID, XXID, XXMC, XXFZ, XSSX, TZSTID)values ('68ce56cd-c0e9-4f2c-aefc-96af556b1a67', 'stid_14', 'stid_14_xxid_0', '更新教学内容', '0', '0', null);
insert into niutal_WJDC_WJSTXXB (WJID, STID, XXID, XXMC, XXFZ, XSSX, TZSTID)values ('68ce56cd-c0e9-4f2c-aefc-96af556b1a67', 'stid_14', 'stid_14_xxid_1', '改进老师的教学方法', '0', '1', null);
insert into niutal_WJDC_WJSTXXB (WJID, STID, XXID, XXMC, XXFZ, XSSX, TZSTID)values ('68ce56cd-c0e9-4f2c-aefc-96af556b1a67', 'stid_14', 'stid_14_xxid_2', '改善教学手段', '0', '2', null);
insert into niutal_WJDC_WJSTXXB (WJID, STID, XXID, XXMC, XXFZ, XSSX, TZSTID)values ('68ce56cd-c0e9-4f2c-aefc-96af556b1a67', 'stid_14', 'stid_14_xxid_3', '改进考核方法', '0', '3', null);
insert into niutal_WJDC_WJSTXXB (WJID, STID, XXID, XXMC, XXFZ, XSSX, TZSTID)values ('68ce56cd-c0e9-4f2c-aefc-96af556b1a67', 'stid_14', 'stid_14_xxid_4', '减小教学班级容量', '0', '4', null);
insert into niutal_WJDC_WJSTXXB (WJID, STID, XXID, XXMC, XXFZ, XSSX, TZSTID)values ('68ce56cd-c0e9-4f2c-aefc-96af556b1a67', 'stid_14', 'stid_14_xxid_5', '提高师资水平', '0', '5', null);
insert into niutal_WJDC_WJSTXXB (WJID, STID, XXID, XXMC, XXFZ, XSSX, TZSTID)values ('68ce56cd-c0e9-4f2c-aefc-96af556b1a67', 'stid_14', 'stid_14_xxid_6', '其他', '0', '6', null);
insert into niutal_WJDC_WJSTXXB (WJID, STID, XXID, XXMC, XXFZ, XSSX, TZSTID)values ('68ce56cd-c0e9-4f2c-aefc-96af556b1a67', 'stid_16', 'stid_16_xxid_0', '教学内容重要，很有用', '0', '0', null);
insert into niutal_WJDC_WJSTXXB (WJID, STID, XXID, XXMC, XXFZ, XSSX, TZSTID)values ('68ce56cd-c0e9-4f2c-aefc-96af556b1a67', 'stid_16', 'stid_16_xxid_1', '老师的教学方法好', '0', '1', null);
insert into niutal_WJDC_WJSTXXB (WJID, STID, XXID, XXMC, XXFZ, XSSX, TZSTID)values ('68ce56cd-c0e9-4f2c-aefc-96af556b1a67', 'stid_16', 'stid_16_xxid_2', '教学手段先进', '0', '2', null);
insert into niutal_WJDC_WJSTXXB (WJID, STID, XXID, XXMC, XXFZ, XSSX, TZSTID)values ('68ce56cd-c0e9-4f2c-aefc-96af556b1a67', 'stid_16', 'stid_16_xxid_3', '考核方法好', '0', '3', null);
insert into niutal_WJDC_WJSTXXB (WJID, STID, XXID, XXMC, XXFZ, XSSX, TZSTID)values ('68ce56cd-c0e9-4f2c-aefc-96af556b1a67', 'stid_16', 'stid_16_xxid_4', '教学班级容量小', '0', '4', null);
insert into niutal_WJDC_WJSTXXB (WJID, STID, XXID, XXMC, XXFZ, XSSX, TZSTID)values ('68ce56cd-c0e9-4f2c-aefc-96af556b1a67', 'stid_16', 'stid_16_xxid_5', '师资水平高', '0', '5', null);
insert into niutal_WJDC_WJSTXXB (WJID, STID, XXID, XXMC, XXFZ, XSSX, TZSTID)values ('68ce56cd-c0e9-4f2c-aefc-96af556b1a67', 'stid_16', 'stid_16_xxid_6', '其他', '0', '6', null);
insert into niutal_WJDC_WJSTXXB (WJID, STID, XXID, XXMC, XXFZ, XSSX, TZSTID)values ('68ce56cd-c0e9-4f2c-aefc-96af556b1a67', 'stid_18', 'stid_18_xxid_0', '更新教学内容', '0', '0', null);
insert into niutal_WJDC_WJSTXXB (WJID, STID, XXID, XXMC, XXFZ, XSSX, TZSTID)values ('68ce56cd-c0e9-4f2c-aefc-96af556b1a67', 'stid_18', 'stid_18_xxid_1', '改进老师的教学方法', '0', '1', null);
insert into niutal_WJDC_WJSTXXB (WJID, STID, XXID, XXMC, XXFZ, XSSX, TZSTID)values ('68ce56cd-c0e9-4f2c-aefc-96af556b1a67', 'stid_18', 'stid_18_xxid_2', '改善教学手段', '0', '2', null);
insert into niutal_WJDC_WJSTXXB (WJID, STID, XXID, XXMC, XXFZ, XSSX, TZSTID)values ('68ce56cd-c0e9-4f2c-aefc-96af556b1a67', 'stid_18', 'stid_18_xxid_3', '改进考核方法', '0', '3', null);
insert into niutal_WJDC_WJSTXXB (WJID, STID, XXID, XXMC, XXFZ, XSSX, TZSTID)values ('68ce56cd-c0e9-4f2c-aefc-96af556b1a67', 'stid_18', 'stid_18_xxid_4', '减小教学班级容量', '0', '4', null);
insert into niutal_WJDC_WJSTXXB (WJID, STID, XXID, XXMC, XXFZ, XSSX, TZSTID)values ('68ce56cd-c0e9-4f2c-aefc-96af556b1a67', 'stid_18', 'stid_18_xxid_5', '提高师资水平', '0', '5', null);
insert into niutal_WJDC_WJSTXXB (WJID, STID, XXID, XXMC, XXFZ, XSSX, TZSTID)values ('68ce56cd-c0e9-4f2c-aefc-96af556b1a67', 'stid_18', 'stid_18_xxid_6', '其他', '0', '6', null);
insert into niutal_WJDC_WJSTXXB (WJID, STID, XXID, XXMC, XXFZ, XSSX, TZSTID)values ('68ce56cd-c0e9-4f2c-aefc-96af556b1a67', 'stid_20', 'stid_20_xxid_0', '实验内容与课程紧密结合，有利于课程的学习', '0', '0', null);
insert into niutal_WJDC_WJSTXXB (WJID, STID, XXID, XXMC, XXFZ, XSSX, TZSTID)values ('68ce56cd-c0e9-4f2c-aefc-96af556b1a67', 'stid_20', 'stid_20_xxid_1', '实验内容与实际结合，很实用', '0', '1', null);
insert into niutal_WJDC_WJSTXXB (WJID, STID, XXID, XXMC, XXFZ, XSSX, TZSTID)values ('68ce56cd-c0e9-4f2c-aefc-96af556b1a67', 'stid_20', 'stid_20_xxid_2', '实验内容有难度、有挑战性，很能锻炼自己的专业技能', '0', '2', null);
insert into niutal_WJDC_WJSTXXB (WJID, STID, XXID, XXMC, XXFZ, XSSX, TZSTID)values ('68ce56cd-c0e9-4f2c-aefc-96af556b1a67', 'stid_20', 'stid_20_xxid_3', '指导老师认真负责，指导有方', '0', '3', null);
insert into niutal_WJDC_WJSTXXB (WJID, STID, XXID, XXMC, XXFZ, XSSX, TZSTID)values ('68ce56cd-c0e9-4f2c-aefc-96af556b1a67', 'stid_20', 'stid_20_xxid_4', '其他', '0', '4', null);
insert into niutal_WJDC_WJSTXXB (WJID, STID, XXID, XXMC, XXFZ, XSSX, TZSTID)values ('68ce56cd-c0e9-4f2c-aefc-96af556b1a67', 'stid_22', 'stid_22_xxid_0', '实验安排与课程脱节', '0', '0', null);
insert into niutal_WJDC_WJSTXXB (WJID, STID, XXID, XXMC, XXFZ, XSSX, TZSTID)values ('68ce56cd-c0e9-4f2c-aefc-96af556b1a67', 'stid_22', 'stid_22_xxid_1', '实验内容太难', '0', '1', null);
insert into niutal_WJDC_WJSTXXB (WJID, STID, XXID, XXMC, XXFZ, XSSX, TZSTID)values ('68ce56cd-c0e9-4f2c-aefc-96af556b1a67', 'stid_22', 'stid_22_xxid_2', '实验内容太简单，不实用', '0', '2', null);
insert into niutal_WJDC_WJSTXXB (WJID, STID, XXID, XXMC, XXFZ, XSSX, TZSTID)values ('68ce56cd-c0e9-4f2c-aefc-96af556b1a67', 'stid_22', 'stid_22_xxid_3', '实验设备太陈旧，效果不好', '0', '3', null);
insert into niutal_WJDC_WJSTXXB (WJID, STID, XXID, XXMC, XXFZ, XSSX, TZSTID)values ('68ce56cd-c0e9-4f2c-aefc-96af556b1a67', 'stid_22', 'stid_22_xxid_4', '实验时间不够', '0', '4', null);
insert into niutal_WJDC_WJSTXXB (WJID, STID, XXID, XXMC, XXFZ, XSSX, TZSTID)values ('68ce56cd-c0e9-4f2c-aefc-96af556b1a67', 'stid_22', 'stid_22_xxid_5', '指导老师不负责任或指导不力', '0', '5', null);
insert into niutal_WJDC_WJSTXXB (WJID, STID, XXID, XXMC, XXFZ, XSSX, TZSTID)values ('68ce56cd-c0e9-4f2c-aefc-96af556b1a67', 'stid_22', 'stid_22_xxid_6', '其他', '0', '6', null);
insert into niutal_WJDC_WJSTXXB (WJID, STID, XXID, XXMC, XXFZ, XSSX, TZSTID)values ('68ce56cd-c0e9-4f2c-aefc-96af556b1a67', 'stid_23', 'stid_23_xxid_0', '平时成绩', '0', '0', null);
insert into niutal_WJDC_WJSTXXB (WJID, STID, XXID, XXMC, XXFZ, XSSX, TZSTID)values ('68ce56cd-c0e9-4f2c-aefc-96af556b1a67', 'stid_23', 'stid_23_xxid_1', '期末闭卷考', '0', '1', null);
insert into niutal_WJDC_WJSTXXB (WJID, STID, XXID, XXMC, XXFZ, XSSX, TZSTID)values ('68ce56cd-c0e9-4f2c-aefc-96af556b1a67', 'stid_23', 'stid_23_xxid_2', '期末开卷考试', '0', '2', null);
insert into niutal_WJDC_WJSTXXB (WJID, STID, XXID, XXMC, XXFZ, XSSX, TZSTID)values ('68ce56cd-c0e9-4f2c-aefc-96af556b1a67', 'stid_23', 'stid_23_xxid_3', '课程设计', '0', '3', null);
insert into niutal_WJDC_WJSTXXB (WJID, STID, XXID, XXMC, XXFZ, XSSX, TZSTID)values ('68ce56cd-c0e9-4f2c-aefc-96af556b1a67', 'stid_26', 'stid_26_xxid_0', '都能', '0', '0', null);
insert into niutal_WJDC_WJSTXXB (WJID, STID, XXID, XXMC, XXFZ, XSSX, TZSTID)values ('68ce56cd-c0e9-4f2c-aefc-96af556b1a67', 'stid_26', 'stid_26_xxid_1', '绝大多数时候能', '0', '1', null);
insert into niutal_WJDC_WJSTXXB (WJID, STID, XXID, XXMC, XXFZ, XSSX, TZSTID)values ('68ce56cd-c0e9-4f2c-aefc-96af556b1a67', 'stid_26', 'stid_26_xxid_2', '有时能', '0', '2', null);
insert into niutal_WJDC_WJSTXXB (WJID, STID, XXID, XXMC, XXFZ, XSSX, TZSTID)values ('68ce56cd-c0e9-4f2c-aefc-96af556b1a67', 'stid_26', 'stid_26_xxid_3', '少数时候能', '0', '3', null);
insert into niutal_WJDC_WJSTXXB (WJID, STID, XXID, XXMC, XXFZ, XSSX, TZSTID)values ('68ce56cd-c0e9-4f2c-aefc-96af556b1a67', 'stid_26', 'stid_26_xxid_4', '几乎不能', '0', '4', null);
insert into niutal_WJDC_WJSTXXB (WJID, STID, XXID, XXMC, XXFZ, XSSX, TZSTID)values ('68ce56cd-c0e9-4f2c-aefc-96af556b1a67', 'stid_27', 'stid_27_xxid_0', '很好', '0', '0', null);
insert into niutal_WJDC_WJSTXXB (WJID, STID, XXID, XXMC, XXFZ, XSSX, TZSTID)values ('68ce56cd-c0e9-4f2c-aefc-96af556b1a67', 'stid_27', 'stid_27_xxid_1', '好', '0', '1', null);
insert into niutal_WJDC_WJSTXXB (WJID, STID, XXID, XXMC, XXFZ, XSSX, TZSTID)values ('68ce56cd-c0e9-4f2c-aefc-96af556b1a67', 'stid_27', 'stid_27_xxid_2', '一般', '0', '2', null);
insert into niutal_WJDC_WJSTXXB (WJID, STID, XXID, XXMC, XXFZ, XSSX, TZSTID)values ('68ce56cd-c0e9-4f2c-aefc-96af556b1a67', 'stid_27', 'stid_27_xxid_3', '较差', '0', '3', null);
insert into niutal_WJDC_WJSTXXB (WJID, STID, XXID, XXMC, XXFZ, XSSX, TZSTID)values ('68ce56cd-c0e9-4f2c-aefc-96af556b1a67', 'stid_27', 'stid_27_xxid_4', '差', '0', '4', null);
insert into niutal_WJDC_WJSTXXB (WJID, STID, XXID, XXMC, XXFZ, XSSX, TZSTID)values ('68ce56cd-c0e9-4f2c-aefc-96af556b1a67', 'stid_28', 'stid_28_xxid_0', '>80%的课程采取了启发式教学', '0', '0', null);
insert into niutal_WJDC_WJSTXXB (WJID, STID, XXID, XXMC, XXFZ, XSSX, TZSTID)values ('68ce56cd-c0e9-4f2c-aefc-96af556b1a67', 'stid_28', 'stid_28_xxid_1', '60%~80%的课程采取了启发式教学', '0', '1', null);
insert into niutal_WJDC_WJSTXXB (WJID, STID, XXID, XXMC, XXFZ, XSSX, TZSTID)values ('68ce56cd-c0e9-4f2c-aefc-96af556b1a67', 'stid_28', 'stid_28_xxid_2', '60%~40%的课程采取了启发式教学', '0', '2', null);
insert into niutal_WJDC_WJSTXXB (WJID, STID, XXID, XXMC, XXFZ, XSSX, TZSTID)values ('68ce56cd-c0e9-4f2c-aefc-96af556b1a67', 'stid_28', 'stid_28_xxid_3', '<40%的课程采取了启发式教学', '0', '3', null);
insert into niutal_WJDC_WJSTXXB (WJID, STID, XXID, XXMC, XXFZ, XSSX, TZSTID)values ('68ce56cd-c0e9-4f2c-aefc-96af556b1a67', 'stid_29', 'stid_29_xxid_0', '改进教学方法', '0', '0', null);
commit;

delete niutal_WJDC_WJSTB where wjid = '68ce56cd-c0e9-4f2c-aefc-96af556b1a67';
commit;

insert into niutal_WJDC_WJSTB (STID, WJID, FLID, STMC, STLX, DAGS, SFBD, STZF, XSSX, XXKZDXZS, ZDZS, WBGD, WBLX, MHXXGS, SFYXPX, TS)values ('stid_21', '68ce56cd-c0e9-4f2c-aefc-96af556b1a67', 'stid_6', '您做过的各类实验课程或大程训练中，哪门实验课程最应该改进', '5', null, 'true', null, '22', null, '100', '1', '1', null, null, null);
insert into niutal_WJDC_WJSTB (STID, WJID, FLID, STMC, STLX, DAGS, SFBD, STZF, XSSX, XXKZDXZS, ZDZS, WBGD, WBLX, MHXXGS, SFYXPX, TS)values ('stid_22', '68ce56cd-c0e9-4f2c-aefc-96af556b1a67', 'stid_6', '您上题选择的理由是', '4', null, 'true', null, '23', '3', null, null, null, '1', null, null);
insert into niutal_WJDC_WJSTB (STID, WJID, FLID, STMC, STLX, DAGS, SFBD, STZF, XSSX, XXKZDXZS, ZDZS, WBGD, WBLX, MHXXGS, SFYXPX, TS)values ('stid_23', '68ce56cd-c0e9-4f2c-aefc-96af556b1a67', 'stid_6', '您觉得什么考核方式更能体现出您的真实水平？', '3', null, 'true', null, '24', '3', null, null, null, '1', '0', null);
insert into niutal_WJDC_WJSTB (STID, WJID, FLID, STMC, STLX, DAGS, SFBD, STZF, XSSX, XXKZDXZS, ZDZS, WBGD, WBLX, MHXXGS, SFYXPX, TS)values ('stid_24', '68ce56cd-c0e9-4f2c-aefc-96af556b1a67', 'stid_6', '您对暑假短学期课程有何意见或建议', '5', null, 'true', null, '25', null, '100', '1', '1', null, null, null);
insert into niutal_WJDC_WJSTB (STID, WJID, FLID, STMC, STLX, DAGS, SFBD, STZF, XSSX, XXKZDXZS, ZDZS, WBGD, WBLX, MHXXGS, SFYXPX, TS)values ('stid_26', '68ce56cd-c0e9-4f2c-aefc-96af556b1a67', 'stid_25', '课后您有问题需要问老师时能找到老师吗（包括网络手段）', '1', null, 'true', null, '27', '1', null, null, null, '1', null, null);
insert into niutal_WJDC_WJSTB (STID, WJID, FLID, STMC, STLX, DAGS, SFBD, STZF, XSSX, XXKZDXZS, ZDZS, WBGD, WBLX, MHXXGS, SFYXPX, TS)values ('stid_27', '68ce56cd-c0e9-4f2c-aefc-96af556b1a67', 'stid_25', '总体而言，您认为我院教师在教学过程中治学严谨和为人师表方面做得怎么样', '1', null, 'true', null, '28', '1', null, null, null, '1', null, null);
insert into niutal_WJDC_WJSTB (STID, WJID, FLID, STMC, STLX, DAGS, SFBD, STZF, XSSX, XXKZDXZS, ZDZS, WBGD, WBLX, MHXXGS, SFYXPX, TS)values ('stid_28', '68ce56cd-c0e9-4f2c-aefc-96af556b1a67', 'stid_25', '教师在课堂教学中采取启发式教学的情况怎样', '1', null, 'true', null, '29', '1', null, null, null, '1', null, null);
insert into niutal_WJDC_WJSTB (STID, WJID, FLID, STMC, STLX, DAGS, SFBD, STZF, XSSX, XXKZDXZS, ZDZS, WBGD, WBLX, MHXXGS, SFYXPX, TS)values ('stid_29', '68ce56cd-c0e9-4f2c-aefc-96af556b1a67', 'stid_25', '您觉得在目前的教学过程中，总体而言，我院教师最需要改进哪个方面', '4', null, 'true', null, '30', '3', null, null, null, '1', null, null);
insert into niutal_WJDC_WJSTB (STID, WJID, FLID, STMC, STLX, DAGS, SFBD, STZF, XSSX, XXKZDXZS, ZDZS, WBGD, WBLX, MHXXGS, SFYXPX, TS)values ('stid_30', '68ce56cd-c0e9-4f2c-aefc-96af556b1a67', 'stid_25', '您的毕业设计指导教师对您的指导作用和帮助如何', '1', null, 'true', null, '31', '1', null, null, null, '1', null, null);
insert into niutal_WJDC_WJSTB (STID, WJID, FLID, STMC, STLX, DAGS, SFBD, STZF, XSSX, XXKZDXZS, ZDZS, WBGD, WBLX, MHXXGS, SFYXPX, TS)values ('stid_31', '68ce56cd-c0e9-4f2c-aefc-96af556b1a67', 'stid_25', '大学中您最认可或最喜爱的老师是哪几位，可说明理由', '5', null, 'true', null, '32', null, '100', '1', '1', null, null, null);
insert into niutal_WJDC_WJSTB (STID, WJID, FLID, STMC, STLX, DAGS, SFBD, STZF, XSSX, XXKZDXZS, ZDZS, WBGD, WBLX, MHXXGS, SFYXPX, TS)values ('stid_32', '68ce56cd-c0e9-4f2c-aefc-96af556b1a67', 'stid_25', '当您对学院教学工作方面有意见时，一般通过哪些渠道反映', '3', null, 'true', null, '33', '3', null, null, null, '1', '0', null);
insert into niutal_WJDC_WJSTB (STID, WJID, FLID, STMC, STLX, DAGS, SFBD, STZF, XSSX, XXKZDXZS, ZDZS, WBGD, WBLX, MHXXGS, SFYXPX, TS)values ('stid_33', '68ce56cd-c0e9-4f2c-aefc-96af556b1a67', 'stid_25', '您对学院教学管理部门的服务状态', '1', null, 'true', null, '34', '1', null, null, null, '1', null, null);
insert into niutal_WJDC_WJSTB (STID, WJID, FLID, STMC, STLX, DAGS, SFBD, STZF, XSSX, XXKZDXZS, ZDZS, WBGD, WBLX, MHXXGS, SFYXPX, TS)values ('stid_34', '68ce56cd-c0e9-4f2c-aefc-96af556b1a67', 'stid_25', '您对毕业设计（论文）的管理环节有何看法和建议', '5', null, 'true', null, '35', null, '100', '1', '1', null, null, null);
insert into niutal_WJDC_WJSTB (STID, WJID, FLID, STMC, STLX, DAGS, SFBD, STZF, XSSX, XXKZDXZS, ZDZS, WBGD, WBLX, MHXXGS, SFYXPX, TS)values ('stid_35', '68ce56cd-c0e9-4f2c-aefc-96af556b1a67', 'stid_25', '您认为辅导员对学生的关心程度怎样', '1', null, 'true', null, '36', '1', null, null, null, '1', null, null);
insert into niutal_WJDC_WJSTB (STID, WJID, FLID, STMC, STLX, DAGS, SFBD, STZF, XSSX, XXKZDXZS, ZDZS, WBGD, WBLX, MHXXGS, SFYXPX, TS)values ('stid_36', '68ce56cd-c0e9-4f2c-aefc-96af556b1a67', 'stid_25', '您认为班主任对学生的关心程度怎样', '1', null, 'true', null, '37', '1', null, null, null, '1', null, null);
insert into niutal_WJDC_WJSTB (STID, WJID, FLID, STMC, STLX, DAGS, SFBD, STZF, XSSX, XXKZDXZS, ZDZS, WBGD, WBLX, MHXXGS, SFYXPX, TS)values ('stid_37', '68ce56cd-c0e9-4f2c-aefc-96af556b1a67', 'stid_25', '您认为辅导员和班主任对您的帮助如何', '1', null, 'true', null, '38', '1', null, null, null, '1', null, null);
insert into niutal_WJDC_WJSTB (STID, WJID, FLID, STMC, STLX, DAGS, SFBD, STZF, XSSX, XXKZDXZS, ZDZS, WBGD, WBLX, MHXXGS, SFYXPX, TS)values ('stid_38', '68ce56cd-c0e9-4f2c-aefc-96af556b1a67', 'stid_25', '您认为学院在奖助学金和其他荣誉评定上“公平、公开、公正”的执行情况怎样', '1', null, 'true', null, '39', '1', null, null, null, '1', null, null);
insert into niutal_WJDC_WJSTB (STID, WJID, FLID, STMC, STLX, DAGS, SFBD, STZF, XSSX, XXKZDXZS, ZDZS, WBGD, WBLX, MHXXGS, SFYXPX, TS)values ('stid_39', '68ce56cd-c0e9-4f2c-aefc-96af556b1a67', 'stid_25', '您认为学院贫困生资助工作是否到位', '1', null, 'true', null, '40', '1', null, null, null, '1', null, null);
insert into niutal_WJDC_WJSTB (STID, WJID, FLID, STMC, STLX, DAGS, SFBD, STZF, XSSX, XXKZDXZS, ZDZS, WBGD, WBLX, MHXXGS, SFYXPX, TS)values ('stid_40', '68ce56cd-c0e9-4f2c-aefc-96af556b1a67', 'stid_25', '在学生思想政治工作方面，您还有哪方面的意见或建议，请写下来吧', '5', null, 'true', null, '41', null, '100', '1', '1', null, null, null);
insert into niutal_WJDC_WJSTB (STID, WJID, FLID, STMC, STLX, DAGS, SFBD, STZF, XSSX, XXKZDXZS, ZDZS, WBGD, WBLX, MHXXGS, SFYXPX, TS)values ('stid_42', '68ce56cd-c0e9-4f2c-aefc-96af556b1a67', 'stid_41', '总体而言,您对待实验的态度是怎样的', '1', null, 'true', null, '43', '1', null, null, null, '1', null, null);
insert into niutal_WJDC_WJSTB (STID, WJID, FLID, STMC, STLX, DAGS, SFBD, STZF, XSSX, XXKZDXZS, ZDZS, WBGD, WBLX, MHXXGS, SFYXPX, TS)values ('stid_43', '68ce56cd-c0e9-4f2c-aefc-96af556b1a67', 'stid_41', '您对实验报告的态度是怎样的', '1', null, 'true', null, '44', '1', null, null, null, '1', null, null);
insert into niutal_WJDC_WJSTB (STID, WJID, FLID, STMC, STLX, DAGS, SFBD, STZF, XSSX, XXKZDXZS, ZDZS, WBGD, WBLX, MHXXGS, SFYXPX, TS)values ('stid_44', '68ce56cd-c0e9-4f2c-aefc-96af556b1a67', 'stid_41', '您对自己专业课程学习的自我评价是', '2', null, 'true', null, '45', '1', null, null, null, '1', null, null);
insert into niutal_WJDC_WJSTB (STID, WJID, FLID, STMC, STLX, DAGS, SFBD, STZF, XSSX, XXKZDXZS, ZDZS, WBGD, WBLX, MHXXGS, SFYXPX, TS)values ('stid_45', '68ce56cd-c0e9-4f2c-aefc-96af556b1a67', 'stid_41', '您认为总体而言，我院本科学生的学习积极性如何', '1', null, 'true', null, '46', '1', null, null, null, '1', null, null);
insert into niutal_WJDC_WJSTB (STID, WJID, FLID, STMC, STLX, DAGS, SFBD, STZF, XSSX, XXKZDXZS, ZDZS, WBGD, WBLX, MHXXGS, SFYXPX, TS)values ('stid_46', '68ce56cd-c0e9-4f2c-aefc-96af556b1a67', 'stid_41', '您认为我院学风方面存在的主要问题是', '3', null, 'true', null, '47', '3', null, null, null, '1', '0', null);
insert into niutal_WJDC_WJSTB (STID, WJID, FLID, STMC, STLX, DAGS, SFBD, STZF, XSSX, XXKZDXZS, ZDZS, WBGD, WBLX, MHXXGS, SFYXPX, TS)values ('stid_47', '68ce56cd-c0e9-4f2c-aefc-96af556b1a67', 'stid_41', '创优良学风，您认为应从哪些方面入手', '3', null, 'true', null, '48', '3', null, null, null, '1', '0', null);
insert into niutal_WJDC_WJSTB (STID, WJID, FLID, STMC, STLX, DAGS, SFBD, STZF, XSSX, XXKZDXZS, ZDZS, WBGD, WBLX, MHXXGS, SFYXPX, TS)values ('stid_48', '68ce56cd-c0e9-4f2c-aefc-96af556b1a67', 'stid_41', '您大学期间有没有迟到,早退,旷课的经历', '1', null, 'true', null, '49', '1', null, null, null, '1', null, null);
insert into niutal_WJDC_WJSTB (STID, WJID, FLID, STMC, STLX, DAGS, SFBD, STZF, XSSX, XXKZDXZS, ZDZS, WBGD, WBLX, MHXXGS, SFYXPX, TS)values ('stid_49', '68ce56cd-c0e9-4f2c-aefc-96af556b1a67', 'stid_41', '您认为学生迟到,早退,旷课的主要原因是什么', '3', null, 'true', null, '50', '3', null, null, null, '1', '0', null);
insert into niutal_WJDC_WJSTB (STID, WJID, FLID, STMC, STLX, DAGS, SFBD, STZF, XSSX, XXKZDXZS, ZDZS, WBGD, WBLX, MHXXGS, SFYXPX, TS)values ('stid_50', '68ce56cd-c0e9-4f2c-aefc-96af556b1a67', 'stid_41', '上课时您能经常认真听课并做好笔记吗', '1', null, 'true', null, '51', '1', null, null, null, '1', null, null);
insert into niutal_WJDC_WJSTB (STID, WJID, FLID, STMC, STLX, DAGS, SFBD, STZF, XSSX, XXKZDXZS, ZDZS, WBGD, WBLX, MHXXGS, SFYXPX, TS)values ('stid_51', '68ce56cd-c0e9-4f2c-aefc-96af556b1a67', 'stid_41', '您认为学院和教师应该采取哪些措施提高课堂的到课率？', '4', null, 'true', null, '52', '3', null, null, null, '1', null, null);
insert into niutal_WJDC_WJSTB (STID, WJID, FLID, STMC, STLX, DAGS, SFBD, STZF, XSSX, XXKZDXZS, ZDZS, WBGD, WBLX, MHXXGS, SFYXPX, TS)values ('stid_52', '68ce56cd-c0e9-4f2c-aefc-96af556b1a67', 'stid_41', '总体而言，您完成作业情况是怎样的', '1', null, 'true', null, '53', '1', null, null, null, '1', null, null);
insert into niutal_WJDC_WJSTB (STID, WJID, FLID, STMC, STLX, DAGS, SFBD, STZF, XSSX, XXKZDXZS, ZDZS, WBGD, WBLX, MHXXGS, SFYXPX, TS)values ('stid_53', '68ce56cd-c0e9-4f2c-aefc-96af556b1a67', 'stid_41', '对您自己的学习态度怎么评价', '1', null, 'true', null, '54', '1', null, null, null, '1', null, null);
insert into niutal_WJDC_WJSTB (STID, WJID, FLID, STMC, STLX, DAGS, SFBD, STZF, XSSX, XXKZDXZS, ZDZS, WBGD, WBLX, MHXXGS, SFYXPX, TS)values ('stid_54', '68ce56cd-c0e9-4f2c-aefc-96af556b1a67', 'stid_41', '平均而言，您平均每天（包括双休日）除上课外用于学习的时间大约有多少小时', '2', null, 'true', null, '55', '1', null, null, null, '1', null, null);
insert into niutal_WJDC_WJSTB (STID, WJID, FLID, STMC, STLX, DAGS, SFBD, STZF, XSSX, XXKZDXZS, ZDZS, WBGD, WBLX, MHXXGS, SFYXPX, TS)values ('stid_55', '68ce56cd-c0e9-4f2c-aefc-96af556b1a67', 'stid_41', '您上网主要是为了什么', '4', null, 'true', null, '56', '3', null, null, null, '1', null, null);
insert into niutal_WJDC_WJSTB (STID, WJID, FLID, STMC, STLX, DAGS, SFBD, STZF, XSSX, XXKZDXZS, ZDZS, WBGD, WBLX, MHXXGS, SFYXPX, TS)values ('stid_56', '68ce56cd-c0e9-4f2c-aefc-96af556b1a67', 'stid_41', '您认为自己在学习上（包括作业和考试等）的诚信度如何', '1', null, 'true', null, '57', '1', null, null, null, '1', null, null);
insert into niutal_WJDC_WJSTB (STID, WJID, FLID, STMC, STLX, DAGS, SFBD, STZF, XSSX, XXKZDXZS, ZDZS, WBGD, WBLX, MHXXGS, SFYXPX, TS)values ('stid_57', '68ce56cd-c0e9-4f2c-aefc-96af556b1a67', 'stid_41', '您认为周围同学在学习上（包括作业和考试等）的诚信度整体如何', '1', null, 'true', null, '58', '1', null, null, null, '1', null, null);
insert into niutal_WJDC_WJSTB (STID, WJID, FLID, STMC, STLX, DAGS, SFBD, STZF, XSSX, XXKZDXZS, ZDZS, WBGD, WBLX, MHXXGS, SFYXPX, TS)values ('stid_58', '68ce56cd-c0e9-4f2c-aefc-96af556b1a67', 'stid_41', '您认为学院是否应该加强学术诚信教育', '1', null, 'true', null, '59', '1', null, null, null, '1', null, null);
insert into niutal_WJDC_WJSTB (STID, WJID, FLID, STMC, STLX, DAGS, SFBD, STZF, XSSX, XXKZDXZS, ZDZS, WBGD, WBLX, MHXXGS, SFYXPX, TS)values ('stid_59', '68ce56cd-c0e9-4f2c-aefc-96af556b1a67', 'stid_41', '您认为身边的党员同学是否有先锋模范带头作用', '1', null, 'true', null, '60', '1', null, null, null, '1', null, null);
insert into niutal_WJDC_WJSTB (STID, WJID, FLID, STMC, STLX, DAGS, SFBD, STZF, XSSX, XXKZDXZS, ZDZS, WBGD, WBLX, MHXXGS, SFYXPX, TS)values ('stid_61', '68ce56cd-c0e9-4f2c-aefc-96af556b1a67', 'stid_60', '您了解综合素质和第二课堂学分的概念吗', '1', null, 'true', null, '62', '1', null, null, null, '1', null, null);
insert into niutal_WJDC_WJSTB (STID, WJID, FLID, STMC, STLX, DAGS, SFBD, STZF, XSSX, XXKZDXZS, ZDZS, WBGD, WBLX, MHXXGS, SFYXPX, TS)values ('stid_62', '68ce56cd-c0e9-4f2c-aefc-96af556b1a67', 'stid_60', '您觉得SRTP、挑战杯等本科生科研项目是否有助于自身综合能力的提高', '1', null, 'true', null, '63', '1', null, null, null, '1', null, null);
insert into niutal_WJDC_WJSTB (STID, WJID, FLID, STMC, STLX, DAGS, SFBD, STZF, XSSX, XXKZDXZS, ZDZS, WBGD, WBLX, MHXXGS, SFYXPX, TS)values ('stid_63', '68ce56cd-c0e9-4f2c-aefc-96af556b1a67', 'stid_60', '您是否参与了SRTP项目的训练（选择“无”的同学跳至第68题）', '1', null, 'true', null, '64', '1', null, null, null, '1', null, null);
insert into niutal_WJDC_WJSTB (STID, WJID, FLID, STMC, STLX, DAGS, SFBD, STZF, XSSX, XXKZDXZS, ZDZS, WBGD, WBLX, MHXXGS, SFYXPX, TS)values ('stid_64', '68ce56cd-c0e9-4f2c-aefc-96af556b1a67', 'stid_60', '您参加SRTP项目的目的', '3', null, 'false', null, '65', '3', null, null, null, '1', '0', null);
insert into niutal_WJDC_WJSTB (STID, WJID, FLID, STMC, STLX, DAGS, SFBD, STZF, XSSX, XXKZDXZS, ZDZS, WBGD, WBLX, MHXXGS, SFYXPX, TS)values ('stid_65', '68ce56cd-c0e9-4f2c-aefc-96af556b1a67', 'stid_60', '您觉得自己对待SRTP项目的态度', '1', null, 'false', null, '66', '1', null, null, null, '1', null, null);
insert into niutal_WJDC_WJSTB (STID, WJID, FLID, STMC, STLX, DAGS, SFBD, STZF, XSSX, XXKZDXZS, ZDZS, WBGD, WBLX, MHXXGS, SFYXPX, TS)values ('stid_66', '68ce56cd-c0e9-4f2c-aefc-96af556b1a67', 'stid_60', '您是否认为您的SRTP项目实现了您的预期目标', '1', null, 'false', null, '67', '1', null, null, null, '1', null, null);
insert into niutal_WJDC_WJSTB (STID, WJID, FLID, STMC, STLX, DAGS, SFBD, STZF, XSSX, XXKZDXZS, ZDZS, WBGD, WBLX, MHXXGS, SFYXPX, TS)values ('stid_67', '68ce56cd-c0e9-4f2c-aefc-96af556b1a67', 'stid_60', '如果SRTP项目没实现您的预期目标，主要的原因有', '5', null, 'false', null, '68', null, '100', '1', '1', null, null, null);
insert into niutal_WJDC_WJSTB (STID, WJID, FLID, STMC, STLX, DAGS, SFBD, STZF, XSSX, XXKZDXZS, ZDZS, WBGD, WBLX, MHXXGS, SFYXPX, TS)values ('stid_68', '68ce56cd-c0e9-4f2c-aefc-96af556b1a67', 'stid_60', '您每周花在SRTP的时间有多少', '1', null, 'false', null, '69', '1', null, null, null, '1', null, null);
insert into niutal_WJDC_WJSTB (STID, WJID, FLID, STMC, STLX, DAGS, SFBD, STZF, XSSX, XXKZDXZS, ZDZS, WBGD, WBLX, MHXXGS, SFYXPX, TS)values ('stid_69', '68ce56cd-c0e9-4f2c-aefc-96af556b1a67', 'stid_60', '您向指导教师请教的次数', '1', null, 'false', null, '70', '1', null, null, null, '1', null, null);
insert into niutal_WJDC_WJSTB (STID, WJID, FLID, STMC, STLX, DAGS, SFBD, STZF, XSSX, XXKZDXZS, ZDZS, WBGD, WBLX, MHXXGS, SFYXPX, TS)values ('stid_70', '68ce56cd-c0e9-4f2c-aefc-96af556b1a67', 'stid_60', '您对参加SRTP项目有哪些收获或体会？ 您对学校和学院在SRTP项目上的管理和政策有何建议', '5', null, 'false', null, '71', null, '100', '1', '1', null, null, null);
insert into niutal_WJDC_WJSTB (STID, WJID, FLID, STMC, STLX, DAGS, SFBD, STZF, XSSX, XXKZDXZS, ZDZS, WBGD, WBLX, MHXXGS, SFYXPX, TS)values ('stid_71', '68ce56cd-c0e9-4f2c-aefc-96af556b1a67', 'stid_60', '您是否经常参加各类科技文化活动和其他社团活动（包括参加教师科研课题以及社会实践）：（是/否) ，收获大吗？(_很大/较大/一般/不大) ', '5', null, 'true', null, '72', null, '100', '1', '1', null, null, null);
insert into niutal_WJDC_WJSTB (STID, WJID, FLID, STMC, STLX, DAGS, SFBD, STZF, XSSX, XXKZDXZS, ZDZS, WBGD, WBLX, MHXXGS, SFYXPX, TS)values ('stid_72', '68ce56cd-c0e9-4f2c-aefc-96af556b1a67', 'stid_60', '在学生活动中，您对下列哪类活动最感兴趣', '4', null, 'true', null, '73', '3', null, null, null, '1', null, null);
insert into niutal_WJDC_WJSTB (STID, WJID, FLID, STMC, STLX, DAGS, SFBD, STZF, XSSX, XXKZDXZS, ZDZS, WBGD, WBLX, MHXXGS, SFYXPX, TS)values ('stid_73', '68ce56cd-c0e9-4f2c-aefc-96af556b1a67', 'stid_60', '您认为大学四年当中，除了专业学习以外，对您影响最大的活动是', '5', null, 'true', null, '74', null, '100', '1', '1', null, null, null);
insert into niutal_WJDC_WJSTB (STID, WJID, FLID, STMC, STLX, DAGS, SFBD, STZF, XSSX, XXKZDXZS, ZDZS, WBGD, WBLX, MHXXGS, SFYXPX, TS)values ('stid_74', '68ce56cd-c0e9-4f2c-aefc-96af556b1a67', 'stid_60', '您认为大学四年期间最需要改进的课外活动是什么？请给出改进的具体建议', '5', null, 'true', null, '75', null, '100', '1', '1', null, null, null);
insert into niutal_WJDC_WJSTB (STID, WJID, FLID, STMC, STLX, DAGS, SFBD, STZF, XSSX, XXKZDXZS, ZDZS, WBGD, WBLX, MHXXGS, SFYXPX, TS)values ('stid_75', '68ce56cd-c0e9-4f2c-aefc-96af556b1a67', 'stid_60', '您对丰富多彩的大学生活的理解是', '4', null, 'true', null, '76', '3', null, null, null, '1', null, null);
insert into niutal_WJDC_WJSTB (STID, WJID, FLID, STMC, STLX, DAGS, SFBD, STZF, XSSX, XXKZDXZS, ZDZS, WBGD, WBLX, MHXXGS, SFYXPX, TS)values ('stid_76', '68ce56cd-c0e9-4f2c-aefc-96af556b1a67', 'stid_60', '您认为哪个组织对您的影响力最大', '4', null, 'true', null, '77', '3', null, null, null, '1', null, null);
insert into niutal_WJDC_WJSTB (STID, WJID, FLID, STMC, STLX, DAGS, SFBD, STZF, XSSX, XXKZDXZS, ZDZS, WBGD, WBLX, MHXXGS, SFYXPX, TS)values ('stid_78', '68ce56cd-c0e9-4f2c-aefc-96af556b1a67', 'stid_77', '您之前有没有对自己职业生涯进行规划', '1', null, 'true', null, '79', '1', null, null, null, '1', null, null);
insert into niutal_WJDC_WJSTB (STID, WJID, FLID, STMC, STLX, DAGS, SFBD, STZF, XSSX, XXKZDXZS, ZDZS, WBGD, WBLX, MHXXGS, SFYXPX, TS)values ('stid_79', '68ce56cd-c0e9-4f2c-aefc-96af556b1a67', 'stid_77', '在最近几年职业生涯中您是否有自己创业意愿 ', '1', null, 'true', null, '80', '1', null, null, null, '1', null, null);
insert into niutal_WJDC_WJSTB (STID, WJID, FLID, STMC, STLX, DAGS, SFBD, STZF, XSSX, XXKZDXZS, ZDZS, WBGD, WBLX, MHXXGS, SFYXPX, TS)values ('stid_80', '68ce56cd-c0e9-4f2c-aefc-96af556b1a67', 'stid_77', '您在本科阶段实习时间为（没有实习的同学跳至第79题）', '1', null, 'true', null, '81', '1', null, null, null, '1', null, null);
insert into niutal_WJDC_WJSTB (STID, WJID, FLID, STMC, STLX, DAGS, SFBD, STZF, XSSX, XXKZDXZS, ZDZS, WBGD, WBLX, MHXXGS, SFYXPX, TS)values ('stid_81', '68ce56cd-c0e9-4f2c-aefc-96af556b1a67', 'stid_77', '您在本科阶段曾在哪个单位实习', '5', null, 'false', null, '82', null, '100', '1', '1', null, null, null);
insert into niutal_WJDC_WJSTB (STID, WJID, FLID, STMC, STLX, DAGS, SFBD, STZF, XSSX, XXKZDXZS, ZDZS, WBGD, WBLX, MHXXGS, SFYXPX, TS)values ('stid_82', '68ce56cd-c0e9-4f2c-aefc-96af556b1a67', 'stid_77', '大学阶段的实习对您的实质性帮助体现在', '4', null, 'false', null, '83', '3', null, null, null, '1', null, null);
insert into niutal_WJDC_WJSTB (STID, WJID, FLID, STMC, STLX, DAGS, SFBD, STZF, XSSX, XXKZDXZS, ZDZS, WBGD, WBLX, MHXXGS, SFYXPX, TS)values ('stid_83', '68ce56cd-c0e9-4f2c-aefc-96af556b1a67', 'stid_77', '您认为现在所学的专业课程和专业技能方面最应该加强的地方有，请列出', '5', null, 'true', null, '84', null, '100', '1', '1', null, null, null);
insert into niutal_WJDC_WJSTB (STID, WJID, FLID, STMC, STLX, DAGS, SFBD, STZF, XSSX, XXKZDXZS, ZDZS, WBGD, WBLX, MHXXGS, SFYXPX, TS)values ('stid_84', '68ce56cd-c0e9-4f2c-aefc-96af556b1a67', 'stid_77', '您曾采取过什么媒介手段来帮助自己就业（没有就业的同学跳至最后给学弟学妹们留言） ', '3', null, 'false', null, '85', '3', null, null, null, '1', '0', null);
insert into niutal_WJDC_WJSTB (STID, WJID, FLID, STMC, STLX, DAGS, SFBD, STZF, XSSX, XXKZDXZS, ZDZS, WBGD, WBLX, MHXXGS, SFYXPX, TS)values ('stid_85', '68ce56cd-c0e9-4f2c-aefc-96af556b1a67', 'stid_77', '在求职时最困扰您的因素是什么', '3', null, 'false', null, '86', '3', null, null, null, '1', '0', null);
insert into niutal_WJDC_WJSTB (STID, WJID, FLID, STMC, STLX, DAGS, SFBD, STZF, XSSX, XXKZDXZS, ZDZS, WBGD, WBLX, MHXXGS, SFYXPX, TS)values ('stid_86', '68ce56cd-c0e9-4f2c-aefc-96af556b1a67', 'stid_77', '您在找工作期间，浏览最多的网站是 ', '3', null, 'false', null, '87', '3', null, null, null, '1', '0', null);
insert into niutal_WJDC_WJSTB (STID, WJID, FLID, STMC, STLX, DAGS, SFBD, STZF, XSSX, XXKZDXZS, ZDZS, WBGD, WBLX, MHXXGS, SFYXPX, TS)values ('stid_87', '68ce56cd-c0e9-4f2c-aefc-96af556b1a67', 'stid_77', '您在选择最终就业单位时，考虑的因素是', '3', null, 'false', null, '88', '3', null, null, null, '1', '0', null);
insert into niutal_WJDC_WJSTB (STID, WJID, FLID, STMC, STLX, DAGS, SFBD, STZF, XSSX, XXKZDXZS, ZDZS, WBGD, WBLX, MHXXGS, SFYXPX, TS)values ('stid_88', '68ce56cd-c0e9-4f2c-aefc-96af556b1a67', 'stid_77', '您对自己的第一份工作的薪酬（月薪）期望至少是多少', '1', null, 'false', null, '89', '1', null, null, null, '1', null, null);
insert into niutal_WJDC_WJSTB (STID, WJID, FLID, STMC, STLX, DAGS, SFBD, STZF, XSSX, XXKZDXZS, ZDZS, WBGD, WBLX, MHXXGS, SFYXPX, TS)values ('stid_89', '68ce56cd-c0e9-4f2c-aefc-96af556b1a67', 'stid_77', '您在找工作期间，简历共投了多少份 ', '1', null, 'false', null, '90', '1', null, null, null, '1', null, null);
insert into niutal_WJDC_WJSTB (STID, WJID, FLID, STMC, STLX, DAGS, SFBD, STZF, XSSX, XXKZDXZS, ZDZS, WBGD, WBLX, MHXXGS, SFYXPX, TS)values ('stid_90', '68ce56cd-c0e9-4f2c-aefc-96af556b1a67', 'stid_77', '您在找工作期间，您共收到多少单位的面试通知 ', '1', null, 'false', null, '91', '1', null, null, null, '1', null, null);
insert into niutal_WJDC_WJSTB (STID, WJID, FLID, STMC, STLX, DAGS, SFBD, STZF, XSSX, XXKZDXZS, ZDZS, WBGD, WBLX, MHXXGS, SFYXPX, TS)values ('stid_91', '68ce56cd-c0e9-4f2c-aefc-96af556b1a67', 'stid_77', '您在找工作期间，您共收到多少单位的录用函 ', '1', null, 'false', null, '92', '1', null, null, null, '1', null, null);
insert into niutal_WJDC_WJSTB (STID, WJID, FLID, STMC, STLX, DAGS, SFBD, STZF, XSSX, XXKZDXZS, ZDZS, WBGD, WBLX, MHXXGS, SFYXPX, TS)values ('stid_92', '68ce56cd-c0e9-4f2c-aefc-96af556b1a67', 'stid_77', '请填写公司承诺给您的工资待遇（税前年薪）', '1', null, 'false', null, '93', '1', null, null, null, '1', null, null);
insert into niutal_WJDC_WJSTB (STID, WJID, FLID, STMC, STLX, DAGS, SFBD, STZF, XSSX, XXKZDXZS, ZDZS, WBGD, WBLX, MHXXGS, SFYXPX, TS)values ('stid_93', '68ce56cd-c0e9-4f2c-aefc-96af556b1a67', 'stid_77', '您认为用人单位最关心毕业生的哪些条件', '3', null, 'false', null, '94', '3', null, null, null, '1', '0', null);
insert into niutal_WJDC_WJSTB (STID, WJID, FLID, STMC, STLX, DAGS, SFBD, STZF, XSSX, XXKZDXZS, ZDZS, WBGD, WBLX, MHXXGS, SFYXPX, TS)values ('stid_94', '68ce56cd-c0e9-4f2c-aefc-96af556b1a67', 'stid_77', '您认为该单位最终录用您的主要原因是看中您的 ', '3', null, 'false', null, '95', '3', null, null, null, '1', '0', null);
insert into niutal_WJDC_WJSTB (STID, WJID, FLID, STMC, STLX, DAGS, SFBD, STZF, XSSX, XXKZDXZS, ZDZS, WBGD, WBLX, MHXXGS, SFYXPX, TS)values ('stid_95', '68ce56cd-c0e9-4f2c-aefc-96af556b1a67', 'stid_77', '您目前对签约单位的满意度容', '1', null, 'false', null, '96', '1', null, null, null, '1', null, null);
insert into niutal_WJDC_WJSTB (STID, WJID, FLID, STMC, STLX, DAGS, SFBD, STZF, XSSX, XXKZDXZS, ZDZS, WBGD, WBLX, MHXXGS, SFYXPX, TS)values ('stid_96', '68ce56cd-c0e9-4f2c-aefc-96af556b1a67', 'stid_77', '您对哪种就业指导方式最感兴趣', '3', null, 'false', null, '97', '3', null, null, null, '1', '0', null);
insert into niutal_WJDC_WJSTB (STID, WJID, FLID, STMC, STLX, DAGS, SFBD, STZF, XSSX, XXKZDXZS, ZDZS, WBGD, WBLX, MHXXGS, SFYXPX, TS)values ('stid_97', '68ce56cd-c0e9-4f2c-aefc-96af556b1a67', 'stid_77', '为进一步搞好我院的毕业生就业工作，提升就业层次，请您提出改进学校和学院就业工作的建议', '5', null, 'true', null, '98', null, '100', '1', '1', null, null, null);
insert into niutal_WJDC_WJSTB (STID, WJID, FLID, STMC, STLX, DAGS, SFBD, STZF, XSSX, XXKZDXZS, ZDZS, WBGD, WBLX, MHXXGS, SFYXPX, TS)values ('stid_1', '68ce56cd-c0e9-4f2c-aefc-96af556b1a67', 'stid_0', '您所在的班级是 ', '1', null, 'true', null, '2', '1', null, null, null, '1', null, null);
insert into niutal_WJDC_WJSTB (STID, WJID, FLID, STMC, STLX, DAGS, SFBD, STZF, XSSX, XXKZDXZS, ZDZS, WBGD, WBLX, MHXXGS, SFYXPX, TS)values ('stid_2', '68ce56cd-c0e9-4f2c-aefc-96af556b1a67', 'stid_0', '您对自己的专业是否感兴趣', '1', null, 'true', null, '3', '1', null, null, null, '1', null, null);
insert into niutal_WJDC_WJSTB (STID, WJID, FLID, STMC, STLX, DAGS, SFBD, STZF, XSSX, XXKZDXZS, ZDZS, WBGD, WBLX, MHXXGS, SFYXPX, TS)values ('stid_3', '68ce56cd-c0e9-4f2c-aefc-96af556b1a67', 'stid_0', '除学习本专业外，您还辅修其他哪些类专业', '4', null, 'true', null, '4', '3', null, null, null, '1', null, null);
insert into niutal_WJDC_WJSTB (STID, WJID, FLID, STMC, STLX, DAGS, SFBD, STZF, XSSX, XXKZDXZS, ZDZS, WBGD, WBLX, MHXXGS, SFYXPX, TS)values ('stid_4', '68ce56cd-c0e9-4f2c-aefc-96af556b1a67', 'stid_0', '您大学学习的主要目的是', '3', null, 'true', null, '5', '3', null, null, null, '1', '0', null);
insert into niutal_WJDC_WJSTB (STID, WJID, FLID, STMC, STLX, DAGS, SFBD, STZF, XSSX, XXKZDXZS, ZDZS, WBGD, WBLX, MHXXGS, SFYXPX, TS)values ('stid_5', '68ce56cd-c0e9-4f2c-aefc-96af556b1a67', 'stid_0', '您认为自己大学期间碰到的最大困难是什么', '4', null, 'true', null, '6', '3', null, null, null, '1', null, null);
insert into niutal_WJDC_WJSTB (STID, WJID, FLID, STMC, STLX, DAGS, SFBD, STZF, XSSX, XXKZDXZS, ZDZS, WBGD, WBLX, MHXXGS, SFYXPX, TS)values ('stid_7', '68ce56cd-c0e9-4f2c-aefc-96af556b1a67', 'stid_6', '通过本专业的学习，给您帮助最大的专业基础课程是', '1', null, 'true', null, '8', '1', null, null, null, '1', null, null);
insert into niutal_WJDC_WJSTB (STID, WJID, FLID, STMC, STLX, DAGS, SFBD, STZF, XSSX, XXKZDXZS, ZDZS, WBGD, WBLX, MHXXGS, SFYXPX, TS)values ('stid_8', '68ce56cd-c0e9-4f2c-aefc-96af556b1a67', 'stid_6', '您上题选择的课程给您帮助最大的原因是', '1', null, 'true', null, '9', '1', null, null, null, '1', null, null);
insert into niutal_WJDC_WJSTB (STID, WJID, FLID, STMC, STLX, DAGS, SFBD, STZF, XSSX, XXKZDXZS, ZDZS, WBGD, WBLX, MHXXGS, SFYXPX, TS)values ('stid_9', '68ce56cd-c0e9-4f2c-aefc-96af556b1a67', 'stid_6', '通过本专业的学习，您认为最需要改进的专业基础课程是', '1', null, 'true', null, '10', '1', null, null, null, '1', null, null);
insert into niutal_WJDC_WJSTB (STID, WJID, FLID, STMC, STLX, DAGS, SFBD, STZF, XSSX, XXKZDXZS, ZDZS, WBGD, WBLX, MHXXGS, SFYXPX, TS)values ('stid_10', '68ce56cd-c0e9-4f2c-aefc-96af556b1a67', 'stid_6', '您认为上题选择的课程最需要改进的方面是', '4', null, 'true', null, '11', '3', null, null, null, '1', null, null);
insert into niutal_WJDC_WJSTB (STID, WJID, FLID, STMC, STLX, DAGS, SFBD, STZF, XSSX, XXKZDXZS, ZDZS, WBGD, WBLX, MHXXGS, SFYXPX, TS)values ('stid_11', '68ce56cd-c0e9-4f2c-aefc-96af556b1a67', 'stid_6', '通过本专业的学习，给您的帮助最大的专业必修课程是', '1', null, 'true', null, '12', '1', null, null, null, '1', null, null);
insert into niutal_WJDC_WJSTB (STID, WJID, FLID, STMC, STLX, DAGS, SFBD, STZF, XSSX, XXKZDXZS, ZDZS, WBGD, WBLX, MHXXGS, SFYXPX, TS)values ('stid_12', '68ce56cd-c0e9-4f2c-aefc-96af556b1a67', 'stid_6', '您上题选择的课程给您帮助最大的原因是', '2', null, 'true', null, '13', '1', null, null, null, '1', null, null);
insert into niutal_WJDC_WJSTB (STID, WJID, FLID, STMC, STLX, DAGS, SFBD, STZF, XSSX, XXKZDXZS, ZDZS, WBGD, WBLX, MHXXGS, SFYXPX, TS)values ('stid_13', '68ce56cd-c0e9-4f2c-aefc-96af556b1a67', 'stid_6', '通过本专业的学习，最需要改进的专业必修课程是', '1', null, 'true', null, '14', '1', null, null, null, '1', null, null);
insert into niutal_WJDC_WJSTB (STID, WJID, FLID, STMC, STLX, DAGS, SFBD, STZF, XSSX, XXKZDXZS, ZDZS, WBGD, WBLX, MHXXGS, SFYXPX, TS)values ('stid_14', '68ce56cd-c0e9-4f2c-aefc-96af556b1a67', 'stid_6', '您认为上题选择的课程最需要改进的方面是', '4', null, 'true', null, '15', '3', null, null, null, '1', null, null);
insert into niutal_WJDC_WJSTB (STID, WJID, FLID, STMC, STLX, DAGS, SFBD, STZF, XSSX, XXKZDXZS, ZDZS, WBGD, WBLX, MHXXGS, SFYXPX, TS)values ('stid_15', '68ce56cd-c0e9-4f2c-aefc-96af556b1a67', 'stid_6', '通过本专业的学习，请您选择给您的帮助最大的专业选修课程 ', '5', null, 'true', null, '16', null, '100', '1', '1', null, null, null);
insert into niutal_WJDC_WJSTB (STID, WJID, FLID, STMC, STLX, DAGS, SFBD, STZF, XSSX, XXKZDXZS, ZDZS, WBGD, WBLX, MHXXGS, SFYXPX, TS)values ('stid_16', '68ce56cd-c0e9-4f2c-aefc-96af556b1a67', 'stid_6', '您上题选择的课程给您帮助最大的原因是', '4', null, 'true', null, '17', '3', null, null, null, '1', null, null);
insert into niutal_WJDC_WJSTB (STID, WJID, FLID, STMC, STLX, DAGS, SFBD, STZF, XSSX, XXKZDXZS, ZDZS, WBGD, WBLX, MHXXGS, SFYXPX, TS)values ('stid_17', '68ce56cd-c0e9-4f2c-aefc-96af556b1a67', 'stid_6', '通过本专业的学习，您认为最需要改进的专业选修课程是', '5', null, 'true', null, '18', null, '100', '1', '1', null, null, null);
insert into niutal_WJDC_WJSTB (STID, WJID, FLID, STMC, STLX, DAGS, SFBD, STZF, XSSX, XXKZDXZS, ZDZS, WBGD, WBLX, MHXXGS, SFYXPX, TS)values ('stid_18', '68ce56cd-c0e9-4f2c-aefc-96af556b1a67', 'stid_6', '您认为上题选择的课程最需要改进的方面是', '4', null, 'true', null, '19', '3', null, null, null, '1', null, null);
insert into niutal_WJDC_WJSTB (STID, WJID, FLID, STMC, STLX, DAGS, SFBD, STZF, XSSX, XXKZDXZS, ZDZS, WBGD, WBLX, MHXXGS, SFYXPX, TS)values ('stid_19', '68ce56cd-c0e9-4f2c-aefc-96af556b1a67', 'stid_6', '您做过的各类实验课程或大程训练中，哪门实验收获最大 ', '5', null, 'true', null, '20', null, '100', '1', '1', null, null, null);
insert into niutal_WJDC_WJSTB (STID, WJID, FLID, STMC, STLX, DAGS, SFBD, STZF, XSSX, XXKZDXZS, ZDZS, WBGD, WBLX, MHXXGS, SFYXPX, TS)values ('stid_20', '68ce56cd-c0e9-4f2c-aefc-96af556b1a67', 'stid_6', '您上题选择的原因是', '4', null, 'true', null, '21', '3', null, null, null, '1', null, null);

commit;

delete niutal_WJDC_STFLB where wjid = '68ce56cd-c0e9-4f2c-aefc-96af556b1a67';
commit;

delete niutal_WJDC_STFLB where wjid = '68ce56cd-c0e9-4f2c-aefc-96af556b1a67';
commit;

insert into niutal_WJDC_STFLB (FLID, WJID, FLMC, XSSX, DQFS) values ('stid_0', '68ce56cd-c0e9-4f2c-aefc-96af556b1a67', '一、专业情况', '1', 'center');
insert into niutal_WJDC_STFLB (FLID, WJID, FLMC, XSSX, DQFS) values ('stid_6', '68ce56cd-c0e9-4f2c-aefc-96af556b1a67', '二、课程质量', '7', 'center');
insert into niutal_WJDC_STFLB (FLID, WJID, FLMC, XSSX, DQFS) values ('stid_25', '68ce56cd-c0e9-4f2c-aefc-96af556b1a67', '三、教师教学及管理服务', '26', 'center');
insert into niutal_WJDC_STFLB (FLID, WJID, FLMC, XSSX, DQFS) values ('stid_41', '68ce56cd-c0e9-4f2c-aefc-96af556b1a67', '四、学风评价', '42', 'center');
insert into niutal_WJDC_STFLB (FLID, WJID, FLMC, XSSX, DQFS) values ('stid_60', '68ce56cd-c0e9-4f2c-aefc-96af556b1a67', '五、课外活动', '61', 'center');
insert into niutal_WJDC_STFLB (FLID, WJID, FLMC, XSSX, DQFS) values ('stid_77', '68ce56cd-c0e9-4f2c-aefc-96af556b1a67', '六、就业情况', '78', 'center');

commit;

delete niutal_WJDC_YWGNB where GNID = '1' and gnmc = '登录' and GNLJ = '/xtgl/index/initMenu.zf';
commit;

--构建一个问卷拦截路径
insert into niutal_WJDC_YWGNB(GNID,GNMC,GNLJ)values('1','登录','/xtgl/index/initMenu.zf');
commit;