
/*操作代码*/

delete from niutal_xtgl_czdmb;

insert into niutal_xtgl_czdmb (CZDM, CZMC, XSSX, ANYS, YWMC)
values ('szlrzt', '设置录入状态', '5', 'glyphicon glyphicon-cog', 'Set Input States');

insert into niutal_xtgl_czdmb (CZDM, CZMC, XSSX, ANYS, YWMC)
values ('szlrsj', '设置录入时间', '6', 'glyphicon glyphicon-cog', 'Set Input Times');

insert into niutal_xtgl_czdmb (CZDM, CZMC, XSSX, ANYS, YWMC)
values ('szlrjs', '设置录入教师', '7', 'glyphicon glyphicon-cog', 'Set Input Teachers');

insert into niutal_xtgl_czdmb (CZDM, CZMC, XSSX, ANYS, YWMC)
values ('qkcsh', '清空初始化', '2', 'glyphicon glyphicon-remove', 'Clean up Initialization');

insert into niutal_xtgl_czdmb (CZDM, CZMC, XSSX, ANYS, YWMC)
values ('plxz', '批量下载', '82', 'btn_plxz', 'Batch Download');

insert into niutal_xtgl_czdmb (CZDM, CZMC, XSSX, ANYS, YWMC)
values ('pjkjs', '派监考教师', '130', 'btn_sz', 'Dispatch Teachers to Monitor Tests');

insert into niutal_xtgl_czdmb (CZDM, CZMC, XSSX, ANYS, YWMC)
values ('rd', '认定', '5', 'glyphicon glyphicon-ok', 'Identify');

insert into niutal_xtgl_czdmb (CZDM, CZMC, XSSX, ANYS, YWMC)
values ('szapfs', '设置安排方式', '115', 'btn_sz', 'Set Ways of Arrangement');

insert into niutal_xtgl_czdmb (CZDM, CZMC, XSSX, ANYS, YWMC)
values ('szsjsj', '设置试卷时间', '116', 'btn_sz', 'Set Test Papers Time');

insert into niutal_xtgl_czdmb (CZDM, CZMC, XSSX, ANYS, YWMC)
values ('scjxrl', '输出教学日历', '210', 'glyphicon glyphicon-export', 'Export Teaching Calendar');

insert into niutal_xtgl_czdmb (CZDM, CZMC, XSSX, ANYS, YWMC)
values ('szkfzt', '设置开放时间', '100', 'glyphicon glyphicon-time', 'Set Open Times');

insert into niutal_xtgl_czdmb (CZDM, CZMC, XSSX, ANYS, YWMC)
values ('tongj', '统计', '5', 'btn_tongj', 'Statistics');

insert into niutal_xtgl_czdmb (CZDM, CZMC, XSSX, ANYS, YWMC)
values ('tzdy', '通知打印', '25', 'btn_tzdy', 'Print Notification');

insert into niutal_xtgl_czdmb (CZDM, CZMC, XSSX, ANYS, YWMC)
values ('tzlrbl', '调整成绩录入比例', '110', 'icon-save', 'Adjust Ratio of Scores Input');

insert into niutal_xtgl_czdmb (CZDM, CZMC, XSSX, ANYS, YWMC)
values ('xysfkp', '学院是否可排', '118', 'btn_sz', 'If Institutes Can Arrange');

insert into niutal_xtgl_czdmb (CZDM, CZMC, XSSX, ANYS, YWMC)
values ('xysfkpjk', '学院是否可排监考', '120', 'btn_sz', 'If Institutes Can Arrange Tests Monitoring');

insert into niutal_xtgl_czdmb (CZDM, CZMC, XSSX, ANYS, YWMC)
values ('yjcl', '预警处理', '15', 'btn_yjcl', 'Deal with Warnings');

insert into niutal_xtgl_czdmb (CZDM, CZMC, XSSX, ANYS, YWMC)
values ('mxdxsz', '面向对象设置', '5', 'glyphicon glyphicon-cog', 'Set Facing Objects');

insert into niutal_xtgl_czdmb (CZDM, CZMC, XSSX, ANYS, YWMC)
values ('bdysst', '绑定元素实体', '120', 'glyphicon glyphicon-edit', 'Bind Element Entity');

insert into niutal_xtgl_czdmb (CZDM, CZMC, XSSX, ANYS, YWMC)
values ('jb', '限报', '1', 'glyphicon glyphicon-stop', 'Restrict Signing Up');

insert into niutal_xtgl_czdmb (CZDM, CZMC, XSSX, ANYS, YWMC)
values ('kb', '可报', '2', 'glyphicon glyphicon-play-circle', 'Allow Sign Up');

insert into niutal_xtgl_czdmb (CZDM, CZMC, XSSX, ANYS, YWMC)
values ('sydxsz', '使用对象设置', '6', 'glyphicon glyphicon-cog', 'Using Objects Settings');

insert into niutal_xtgl_czdmb (CZDM, CZMC, XSSX, ANYS, YWMC)
values ('tzfxjz', '调整成绩分项录入级制', '120', 'icon-save', 'Adjust System of Constitution of Scores Input ');

insert into niutal_xtgl_czdmb (CZDM, CZMC, XSSX, ANYS, YWMC)
values ('scxls', '输出Excel', '220', ' icon-table', 'Export Excel');

insert into niutal_xtgl_czdmb (CZDM, CZMC, XSSX, ANYS, YWMC)
values ('fsyj', '发送邮件', '200', 'glyphicon glyphicon-envelope', 'Send Emails');

insert into niutal_xtgl_czdmb (CZDM, CZMC, XSSX, ANYS, YWMC)
values ('scdoc', '输出Word', '210', ' icon-file-text-alt', 'Export Word');

insert into niutal_xtgl_czdmb (CZDM, CZMC, XSSX, ANYS, YWMC)
values ('ckmm', '密码查看', '226', 'glyphicon glyphicon-search', 'View Password');

insert into niutal_xtgl_czdmb (CZDM, CZMC, XSSX, ANYS, YWMC)
values ('fhbczt', '返回保存状态', '8', 'glyphicon glyphicon-cog', 'Return Saving State');

insert into niutal_xtgl_czdmb (CZDM, CZMC, XSSX, ANYS, YWMC)
values ('cxtj', '撤销', '101', 'icon-reply-all', 'Withdraw Registration');

insert into niutal_xtgl_czdmb (CZDM, CZMC, XSSX, ANYS, YWMC)
values ('xqsx', '校区刷新', '208', 'glyphicon glyphicon-repeat', 'Refresh Campuses');

insert into niutal_xtgl_czdmb (CZDM, CZMC, XSSX, ANYS, YWMC)
values ('qxsz', '取消设置', '100', 'icon-reply-all', 'Cancel Confirmation');

insert into niutal_xtgl_czdmb (CZDM, CZMC, XSSX, ANYS, YWMC)
values ('bgsq', '变更申请', '2', 'glyphicon glyphicon-edit', '');

insert into niutal_xtgl_czdmb (CZDM, CZMC, XSSX, ANYS, YWMC)
values ('cxqtkb', '查询其他课表', '90', 'glyphicon glyphicon-search', 'Access Other Curriculums');

insert into niutal_xtgl_czdmb (CZDM, CZMC, XSSX, ANYS, YWMC)
values ('bdzc', '报到注册', '10', 'icon-paste', 'Registration');

insert into niutal_xtgl_czdmb (CZDM, CZMC, XSSX, ANYS, YWMC)
values ('zx', '注销', '15', 'glyphicon glyphicon-off', 'Log off');

insert into niutal_xtgl_czdmb (CZDM, CZMC, XSSX, ANYS, YWMC)
values ('xgsjh', '修改试卷号', '110', 'glyphicon glyphicon-edit', 'Edit Test Paper Volumns No.');

insert into niutal_xtgl_czdmb (CZDM, CZMC, XSSX, ANYS, YWMC)
values ('gjdc', '高级导出', '27', 'glyphicon glyphicon-export', 'Advanced Export');

insert into niutal_xtgl_czdmb (CZDM, CZMC, XSSX, ANYS, YWMC)
values ('xgrc', '修改日程', '6', 'glyphicon glyphicon-edit', 'Edit Schedule');

insert into niutal_xtgl_czdmb (CZDM, CZMC, XSSX, ANYS, YWMC)
values ('jc', '继承', '5', 'glyphicon glyphicon-floppy-save', 'Inherit');

insert into niutal_xtgl_czdmb (CZDM, CZMC, XSSX, ANYS, YWMC)
values ('szzt', '设置为控制状态', '60', 'glyphicon glyphicon-cog', 'Set as Controlling States');

insert into niutal_xtgl_czdmb (CZDM, CZMC, XSSX, ANYS, YWMC)
values ('plzj', '批量增加', '65', 'glyphicon glyphicon-plus', 'Batch Addtions');

insert into niutal_xtgl_czdmb (CZDM, CZMC, XSSX, ANYS, YWMC)
values ('jdkc', '设置为绩点课程', '30', 'glyphicon glyphicon-cog', 'Set as GPA Course');

insert into niutal_xtgl_czdmb (CZDM, CZMC, XSSX, ANYS, YWMC)
values ('wjdkc', '设置为无绩点课程', '35', 'glyphicon glyphicon-cog', 'Set as Cources Without GPA');

insert into niutal_xtgl_czdmb (CZDM, CZMC, XSSX, ANYS, YWMC)
values ('plxg', '批量修改', '70', 'glyphicon glyphicon-edit', 'Batch Modifications');

insert into niutal_xtgl_czdmb (CZDM, CZMC, XSSX, ANYS, YWMC)
values ('zjrw', '增加任务', '1', 'glyphicon glyphicon-tasks', 'Add Tasks');

insert into niutal_xtgl_czdmb (CZDM, CZMC, XSSX, ANYS, YWMC)
values ('scrw', '删除任务', '2', 'glyphicon glyphicon-remove', 'Delete Tasks');

insert into niutal_xtgl_czdmb (CZDM, CZMC, XSSX, ANYS, YWMC)
values ('zdzybj', '指定专业班级', '1', 'icon-list-alt', 'Designate Majors & Classes');

insert into niutal_xtgl_czdmb (CZDM, CZMC, XSSX, ANYS, YWMC)
values ('sb', '申报', '2', 'icon-paste', 'Declaration');

insert into niutal_xtgl_czdmb (CZDM, CZMC, XSSX, ANYS, YWMC)
values ('yzg', '有资格', '80', 'glyphicon glyphicon-ban-circle', 'Qualified');

insert into niutal_xtgl_czdmb (CZDM, CZMC, XSSX, ANYS, YWMC)
values ('wzg', '无资格', '85', 'glyphicon glyphicon-ok-circle', 'No Qualifications');

insert into niutal_xtgl_czdmb (CZDM, CZMC, XSSX, ANYS, YWMC)
values ('sjsq', '数据授权', '13', 'icon-hdd', 'Data Authorization');

insert into niutal_xtgl_czdmb (CZDM, CZMC, XSSX, ANYS, YWMC)
values ('zj', '增加', '1', 'glyphicon glyphicon-plus', 'Add');

insert into niutal_xtgl_czdmb (CZDM, CZMC, XSSX, ANYS, YWMC)
values ('xg', '修改', '2', 'glyphicon glyphicon-edit', 'Edit');

insert into niutal_xtgl_czdmb (CZDM, CZMC, XSSX, ANYS, YWMC)
values ('sc', '删除', '3', 'glyphicon glyphicon-remove', 'Delete');

insert into niutal_xtgl_czdmb (CZDM, CZMC, XSSX, ANYS, YWMC)
values ('ck', '查看', '4', 'glyphicon glyphicon-search', 'View');

insert into niutal_xtgl_czdmb (CZDM, CZMC, XSSX, ANYS, YWMC)
values ('dr', '导入', '200', 'glyphicon glyphicon-import', 'Import');

insert into niutal_xtgl_czdmb (CZDM, CZMC, XSSX, ANYS, YWMC)
values ('dc', '导出', '205', 'glyphicon glyphicon-export', 'Export');

insert into niutal_xtgl_czdmb (CZDM, CZMC, XSSX, ANYS, YWMC)
values ('fpyh', '分配用户', '15', 'icon-group', 'Assign Users');

insert into niutal_xtgl_czdmb (CZDM, CZMC, XSSX, ANYS, YWMC)
values ('plsq', '批量授权', '16', 'icon-group', 'Batch Authorization');

insert into niutal_xtgl_czdmb (CZDM, CZMC, XSSX, ANYS, YWMC)
values ('fb', '发布', '17', 'glyphicon glyphicon-globe', 'Publish');

insert into niutal_xtgl_czdmb (CZDM, CZMC, XSSX, ANYS, YWMC)
values ('qxfb', '取消发布', '18', 'icon-reply-all', 'Cancel Publishments');

insert into niutal_xtgl_czdmb (CZDM, CZMC, XSSX, ANYS, YWMC)
values ('zd', '置顶', '19', 'icon-rotate-90 icon-step-backward', 'Sticky Post');

insert into niutal_xtgl_czdmb (CZDM, CZMC, XSSX, ANYS, YWMC)
values ('qxzd', '取消置顶', '20', 'icon-reply-all', 'Cancel Sticky Post');

insert into niutal_xtgl_czdmb (CZDM, CZMC, XSSX, ANYS, YWMC)
values ('csh', '全部初始化', '21', 'glyphicon glyphicon-retweet', 'Initialize All');

insert into niutal_xtgl_czdmb (CZDM, CZMC, XSSX, ANYS, YWMC)
values ('plcsh', '单个初始化', '22', 'glyphicon glyphicon-repeat', 'Individual Initialization');

insert into niutal_xtgl_czdmb (CZDM, CZMC, XSSX, ANYS, YWMC)
values ('sz', '设置', '8', 'glyphicon glyphicon-cog', 'Set');

insert into niutal_xtgl_czdmb (CZDM, CZMC, XSSX, ANYS, YWMC)
values ('dcsz', '导出设置', '9', 'glyphicon glyphicon-cog', 'Export Settings');

insert into niutal_xtgl_czdmb (CZDM, CZMC, XSSX, ANYS, YWMC)
values ('szssjs', '设置所属角色', '10', 'glyphicon glyphicon-cog', 'Set Belonging Roles');

insert into niutal_xtgl_czdmb (CZDM, CZMC, XSSX, ANYS, YWMC)
values ('mmcsh', '密码初始化', '11', 'glyphicon glyphicon-repeat', 'Initialize Passwords');

insert into niutal_xtgl_czdmb (CZDM, CZMC, XSSX, ANYS, YWMC)
values ('gnsq', '功能授权', '12', 'glyphicon glyphicon-transfer', 'Authorize Functions');

insert into niutal_xtgl_czdmb (CZDM, CZMC, XSSX, ANYS, YWMC)
values ('bc', '保存', '7', 'icon-save', 'Save');

insert into niutal_xtgl_czdmb (CZDM, CZMC, XSSX, ANYS, YWMC)
values ('sh', '审核', '55', 'icon-legal', 'Review');

insert into niutal_xtgl_czdmb (CZDM, CZMC, XSSX, ANYS, YWMC)
values ('gjdj', '稿件登记', '1', 'icon-file-text-alt', 'Register Manuscripts');

insert into niutal_xtgl_czdmb (CZDM, CZMC, XSSX, ANYS, YWMC)
values ('cxzc', '撤销注册', '56', 'icon-reply-all', 'Withdraw Registration');

insert into niutal_xtgl_czdmb (CZDM, CZMC, XSSX, ANYS, YWMC)
values ('plsjsq', '批量数据授权', '14', 'icon-hdd', 'Authorize Batch Datas');

insert into niutal_xtgl_czdmb (CZDM, CZMC, XSSX, ANYS, YWMC)
values ('plsz', '批量设置', '1', 'glyphicon glyphicon-cog', 'Batch Settings');

insert into niutal_xtgl_czdmb (CZDM, CZMC, XSSX, ANYS, YWMC)
values ('xlcj', '日周次创建', '1', 'glyphicon glyphicon-calendar', 'Create Course Weeks ');

insert into niutal_xtgl_czdmb (CZDM, CZMC, XSSX, ANYS, YWMC)
values ('mdcfhb', '名单拆分合并', '1', 'glyphicon glyphicon-transfer', 'Recombine Lists ');

insert into niutal_xtgl_czdmb (CZDM, CZMC, XSSX, ANYS, YWMC)
values ('sq', '申请', '2', 'glyphicon glyphicon-ban-circle', 'Apply');

insert into niutal_xtgl_czdmb (CZDM, CZMC, XSSX, ANYS, YWMC)
values ('kr', '扩容容量', '30', 'glyphicon glyphicon-circle-arrow-up', 'Capacity Expansion');

insert into niutal_xtgl_czdmb (CZDM, CZMC, XSSX, ANYS, YWMC)
values ('xk', '选课', '1', 'glyphicon glyphicon-check', 'Curricula-Variable');

insert into niutal_xtgl_czdmb (CZDM, CZMC, XSSX, ANYS, YWMC)
values ('tuik', '退课', '1', 'glyphicon glyphicon-remove-circle', 'Withdraw Courses');

insert into niutal_xtgl_czdmb (CZDM, CZMC, XSSX, ANYS, YWMC)
values ('kszws', '考试座位数', '35', 'icon-th-list', 'Test Seating');

insert into niutal_xtgl_czdmb (CZDM, CZMC, XSSX, ANYS, YWMC)
values ('szkybm', '设置可用部门', '40', 'glyphicon glyphicon-cog', 'Set Available Departments');

insert into niutal_xtgl_czdmb (CZDM, CZMC, XSSX, ANYS, YWMC)
values ('drgx', '导入更新', '28', 'icon-upload-alt', 'Import & Update');

insert into niutal_xtgl_czdmb (CZDM, CZMC, XSSX, ANYS, YWMC)
values ('ty', '停用', '29', 'glyphicon glyphicon-stop', 'Disable');

insert into niutal_xtgl_czdmb (CZDM, CZMC, XSSX, ANYS, YWMC)
values ('qy', '启用', '30', 'glyphicon glyphicon-play-circle', 'Enable');

insert into niutal_xtgl_czdmb (CZDM, CZMC, XSSX, ANYS, YWMC)
values ('tksq', '停开申请', '2', 'glyphicon glyphicon-ban-circle', 'Apply for Closing Courses');

insert into niutal_xtgl_czdmb (CZDM, CZMC, XSSX, ANYS, YWMC)
values ('cs', '流程跟踪', '58', 'icon-random', 'Workflow Tracing?');

insert into niutal_xtgl_czdmb (CZDM, CZMC, XSSX, ANYS, YWMC)
values ('xksq', '新开申请', '2', 'icon-file-text-alt', 'Apply for New Curriculum');

insert into niutal_xtgl_czdmb (CZDM, CZMC, XSSX, ANYS, YWMC)
values ('scrc', '删除日程', '7', 'glyphicon glyphicon-remove', 'Delete Schedules');

insert into niutal_xtgl_czdmb (CZDM, CZMC, XSSX, ANYS, YWMC)
values ('tk', '停开', '30', 'glyphicon glyphicon-ban-circle', 'Close Courses');

insert into niutal_xtgl_czdmb (CZDM, CZMC, XSSX, ANYS, YWMC)
values ('chongk', '重开', '31', 'glyphicon glyphicon-repeat', 'Reopen');

insert into niutal_xtgl_czdmb (CZDM, CZMC, XSSX, ANYS, YWMC)
values ('zysf', '资源释放', '32', 'icon-unlink', 'Release Resources ');

insert into niutal_xtgl_czdmb (CZDM, CZMC, XSSX, ANYS, YWMC)
values ('dk', '待开', '33', 'glyphicon glyphicon-time', 'To Be Opened');

insert into niutal_xtgl_czdmb (CZDM, CZMC, XSSX, ANYS, YWMC)
values ('kxk', '可选课', '33', 'glyphicon glyphicon-ok-circle', 'Available Courses');

insert into niutal_xtgl_czdmb (CZDM, CZMC, XSSX, ANYS, YWMC)
values ('bkxk', '不可选课', '33', 'icon-ban-circle', 'Cannot Curricula-Variable');

insert into niutal_xtgl_czdmb (CZDM, CZMC, XSSX, ANYS, YWMC)
values ('pk', '配课', '1', 'icon-file-text-alt', 'Allocate Courses ');

insert into niutal_xtgl_czdmb (CZDM, CZMC, XSSX, ANYS, YWMC)
values ('zjmd', '增加名单', '1', 'icon-list-alt', 'Add Lists');

insert into niutal_xtgl_czdmb (CZDM, CZMC, XSSX, ANYS, YWMC)
values ('tj', '提交', '71', 'glyphicon glyphicon-open', 'Submit');

insert into niutal_xtgl_czdmb (CZDM, CZMC, XSSX, ANYS, YWMC)
values ('dy', '打印', '210', 'glyphicon glyphicon-print', 'Print');

insert into niutal_xtgl_czdmb (CZDM, CZMC, XSSX, ANYS, YWMC)
values ('qkrw', '清空任务', '3', 'glyphicon glyphicon-trash', 'Clean up Tasks');

insert into niutal_xtgl_czdmb (CZDM, CZMC, XSSX, ANYS, YWMC)
values ('lspkjl', '历史排课记录', '70', 'glyphicon glyphicon-time', 'Historical Records of Arranges');

insert into niutal_xtgl_czdmb (CZDM, CZMC, XSSX, ANYS, YWMC)
values ('yl', '预览', '26', 'glyphicon glyphicon-eye-open', 'Preview');

insert into niutal_xtgl_czdmb (CZDM, CZMC, XSSX, ANYS, YWMC)
values ('fz', '复制', '31', 'icon-copy', 'Copy');

insert into niutal_xtgl_czdmb (CZDM, CZMC, XSSX, ANYS, YWMC)
values ('pkcsh', '排课初始化', '1', 'glyphicon glyphicon-repeat', 'Initialize Courses Arrangement');

insert into niutal_xtgl_czdmb (CZDM, CZMC, XSSX, ANYS, YWMC)
values ('cj', '创建', '66', 'glyphicon glyphicon-plus', 'Create');

insert into niutal_xtgl_czdmb (CZDM, CZMC, XSSX, ANYS, YWMC)
values ('xzrc', '新增日程', '5', 'icon-calendar', 'Add New Schedules');

insert into niutal_xtgl_czdmb (CZDM, CZMC, XSSX, ANYS, YWMC)
values ('xzzjs', '新增子角色', '25', 'icon-user', 'Add New Sub-Roles');

insert into niutal_xtgl_czdmb (CZDM, CZMC, XSSX, ANYS, YWMC)
values ('qr', '确认', '38', 'glyphicon glyphicon-ok', 'Confirm');

insert into niutal_xtgl_czdmb (CZDM, CZMC, XSSX, ANYS, YWMC)
values ('qxqr', '取消确认', '39', 'icon-reply-all', 'Cancel Confirmation');

insert into niutal_xtgl_czdmb (CZDM, CZMC, XSSX, ANYS, YWMC)
values ('plsh', '批量审核', '56', 'glyphicon glyphicon-transfer', 'Batch Reviews');

insert into niutal_xtgl_czdmb (CZDM, CZMC, XSSX, ANYS, YWMC)
values ('szspl', '设置审批流', '65', 'glyphicon glyphicon-cog', 'Set Approving Workflows');

insert into niutal_xtgl_czdmb (CZDM, CZMC, XSSX, ANYS, YWMC)
values ('scsjh', '生成试卷号', '100', 'icon-random', 'Generate Test Paper Volumns No.');

insert into niutal_xtgl_czdmb (CZDM, CZMC, XSSX, ANYS, YWMC)
values ('qksjh', '清空试卷号', '105', 'glyphicon glyphicon-trash', 'Clean up Test Paper Volumns No.');

insert into niutal_xtgl_czdmb (CZDM, CZMC, XSSX, ANYS, YWMC)
values ('scpk', '生成配课', '95', 'icon-random', 'Generate Course Allocations');

insert into niutal_xtgl_czdmb (CZDM, CZMC, XSSX, ANYS, YWMC)
values ('qkpk', '清空配课', '96', 'glyphicon glyphicon-trash', 'Clean up Courses Allocations');

insert into niutal_xtgl_czdmb (CZDM, CZMC, XSSX, ANYS, YWMC)
values ('fbpk', '发布配课', '97', 'glyphicon glyphicon-globe', 'Publish Courses Allocation');

insert into niutal_xtgl_czdmb (CZDM, CZMC, XSSX, ANYS, YWMC)
values ('ksxssz', '考试形式设置', '5', 'glyphicon glyphicon-cog', 'Set Test Forms');

insert into niutal_xtgl_czdmb (CZDM, CZMC, XSSX, ANYS, YWMC)
values ('gcgl', '过程管理', '81', 'glyphicon glyphicon-random', 'Process Management');

insert into niutal_xtgl_czdmb (CZDM, CZMC, XSSX, ANYS, YWMC)
values ('qxgcgl', '取消过程管理', '82', 'icon-reply-all', 'Cancel Process Management');

insert into niutal_xtgl_czdmb (CZDM, CZMC, XSSX, ANYS, YWMC)
values ('shcpdf', '输出PDF', '90', 'glyphicon glyphicon-print', 'Export PDF');

insert into niutal_xtgl_czdmb (CZDM, CZMC, XSSX, ANYS, YWMC)
values ('pjkxy', '派监考学院', '90', 'glyphicon glyphicon-list', 'Dispatch Institutes to Monitor Tests');

insert into niutal_xtgl_czdmb (CZDM, CZMC, XSSX, ANYS, YWMC)
values ('xzmb', '下载模板', '100', 'glyphicon glyphicon-cloud-download', 'Template Download');

insert into niutal_xtgl_czdmb (CZDM, CZMC, XSSX, ANYS, YWMC)
values ('cfcx', '撤销处分', '10', 'glyphicon glyphicon-remove-circle', 'Withdraw Punishment');

insert into niutal_xtgl_czdmb (CZDM, CZMC, XSSX, ANYS, YWMC)
values ('qxcfcx', '取消处分撤销', '15', 'glyphicon glyphicon-circle-arrow-left', 'Cancel Withdraw of Punishments');

insert into niutal_xtgl_czdmb (CZDM, CZMC, XSSX, ANYS, YWMC)
values ('scksxx', '生成考试信息', '91', 'icon-random', 'Generate Test Information');

insert into niutal_xtgl_czdmb (CZDM, CZMC, XSSX, ANYS, YWMC)
values ('qkksxx', '删除考试信息', '92', 'glyphicon glyphicon-remove', 'Delete Test Information');

insert into niutal_xtgl_czdmb (CZDM, CZMC, XSSX, ANYS, YWMC)
values ('lsjl', '历史记录', '70', 'icon-list', 'Historical Records');

insert into niutal_xtgl_czdmb (CZDM, CZMC, XSSX, ANYS, YWMC)
values ('pks', '排考试', '60', 'icon-building', 'Arrange Tests ');

insert into niutal_xtgl_czdmb (CZDM, CZMC, XSSX, ANYS, YWMC)
values ('scxsdj', '生成学生等级', '98', 'icon-random', 'Generate Grades of Students');

insert into niutal_xtgl_czdmb (CZDM, CZMC, XSSX, ANYS, YWMC)
values ('sjzb', '数据准备', '5', 'icon-hdd', 'Prepare Datas');

insert into niutal_xtgl_czdmb (CZDM, CZMC, XSSX, ANYS, YWMC)
values ('sx', '筛选', '81', 'glyphicon glyphicon-filter', 'Screen');

insert into niutal_xtgl_czdmb (CZDM, CZMC, XSSX, ANYS, YWMC)
values ('cxsx', '撤销筛选', '82', 'icon-reply-all', 'Withdraw Sreening');

insert into niutal_xtgl_czdmb (CZDM, CZMC, XSSX, ANYS, YWMC)
values ('jxsjsz', '禁选时间设置', '55', 'glyphicon glyphicon-time', 'Selection Forbidden Time Settings');

insert into niutal_xtgl_czdmb (CZDM, CZMC, XSSX, ANYS, YWMC)
values ('scclwh', '生成处理文号', '8', 'icon-random', 'Generate Processing Document No.');

insert into niutal_xtgl_czdmb (CZDM, CZMC, XSSX, ANYS, YWMC)
values ('cx', '查询', '1', 'glyphicon glyphicon-search', 'Query');

insert into niutal_xtgl_czdmb (CZDM, CZMC, XSSX, ANYS, YWMC)
values ('kzsj', '设置开放时间', '100', 'glyphicon glyphicon-time', 'Set Open Times');

insert into niutal_xtgl_czdmb (CZDM, CZMC, XSSX, ANYS, YWMC)
values ('jkap', '监考安排', '204', 'glyphicon glyphicon-cog', 'Arrange Monitor Tests ');

insert into niutal_xtgl_czdmb (CZDM, CZMC, XSSX, ANYS, YWMC)
values ('bjdy', '按班级打印', '200', 'glyphicon glyphicon-print', 'Print by Class');

insert into niutal_xtgl_czdmb (CZDM, CZMC, XSSX, ANYS, YWMC)
values ('szxx', '设置信息', '8', 'glyphicon glyphicon-cog', 'Set Informations');

insert into niutal_xtgl_czdmb (CZDM, CZMC, XSSX, ANYS, YWMC)
values ('ttk', '调停课', '5', 'glyphicon glyphicon-ban-circle', 'Adjust Teaching Plan');

insert into niutal_xtgl_czdmb (CZDM, CZMC, XSSX, ANYS, YWMC)
values ('scjxjdb', '输出教学进度表', '211', 'glyphicon glyphicon-export', 'Export Teaching Schedules');

insert into niutal_xtgl_czdmb (CZDM, CZMC, XSSX, ANYS, YWMC)
values ('scbkmd', '生成补考名单', '10', 'glyphicon glyphicon-plus', 'Generate Make-Up List');

insert into niutal_xtgl_czdmb (CZDM, CZMC, XSSX, ANYS, YWMC)
values ('tkwh', '调课', '5', 'glyphicon glyphicon-plus', 'Adjust Teaching Plan');

insert into niutal_xtgl_czdmb (CZDM, CZMC, XSSX, ANYS, YWMC)
values ('kcsz', '课程设置', '6', 'glyphicon glyphicon-cog', 'Set Courses');

insert into niutal_xtgl_czdmb (CZDM, CZMC, XSSX, ANYS, YWMC)
values ('hjs', '换教师', '5', 'glyphicon glyphicon-retweet', 'Change Teachers');

insert into niutal_xtgl_czdmb (CZDM, CZMC, XSSX, ANYS, YWMC)
values ('hzc', '换周次', '10', 'glyphicon glyphicon-retweet', 'Change Weeks');

insert into niutal_xtgl_czdmb (CZDM, CZMC, XSSX, ANYS, YWMC)
values ('hxq', '换校区', '15', 'glyphicon glyphicon-retweet', 'Change Campuses');

insert into niutal_xtgl_czdmb (CZDM, CZMC, XSSX, ANYS, YWMC)
values ('scbysmd', '生成信息', '206', 'icon-random', 'Generate Informations');

insert into niutal_xtgl_czdmb (CZDM, CZMC, XSSX, ANYS, YWMC)
values ('fdyzd', '辅导员指定', '207', 'glyphicon glyphicon-plus', 'Designate Counsellors');

insert into niutal_xtgl_czdmb (CZDM, CZMC, XSSX, ANYS, YWMC)
values ('sjdy', '试卷分析打印', '200', 'glyphicon glyphicon-print', 'Examination Paper Print');

insert into niutal_xtgl_czdmb (CZDM, CZMC, XSSX, ANYS, YWMC)
values ('bm', '报名', '1', 'glyphicon glyphicon-check', 'Sign Up');

insert into niutal_xtgl_czdmb (CZDM, CZMC, XSSX, ANYS, YWMC)
values ('tb', '退报', '2', 'glyphicon glyphicon-remove-circle', 'Withdraw Declaration ');

insert into niutal_xtgl_czdmb (CZDM, CZMC, XSSX, ANYS, YWMC)
values ('jfcl', '加分处理', '150', 'icon-file-text-alt', 'Awarded Marks');

insert into niutal_xtgl_czdmb (CZDM, CZMC, XSSX, ANYS, YWMC)
values ('psj', '排时间', '1', 'glyphicon glyphicon-dashboard', 'Scheduling');

insert into niutal_xtgl_czdmb (CZDM, CZMC, XSSX, ANYS, YWMC)
values ('pcd', '排场地', '1', 'icon-building', 'Fields Arrangement');

insert into niutal_xtgl_czdmb (CZDM, CZMC, XSSX, ANYS, YWMC)
values ('dcpyfa', '导出培养方案', '99', 'btn_dcpyfa', 'Export Cultivation Programs');

insert into niutal_xtgl_czdmb (CZDM, CZMC, XSSX, ANYS, YWMC)
values ('jmwjmcj', '启动成绩加密线程', '100', 'glyphicon glyphicon-lock', 'Start Score Encryption Thread');

insert into niutal_xtgl_czdmb (CZDM, CZMC, XSSX, ANYS, YWMC)
values ('tzwjmcj', '停止成绩加密线程', '101', 'glyphicon glyphicon-stop', 'Stop Score Encryption Thread');

insert into niutal_xtgl_czdmb (CZDM, CZMC, XSSX, ANYS, YWMC)
values ('pljc', '批量继承', '6', 'glyphicon glyphicon-floppy-save', '');

insert into niutal_xtgl_czdmb (CZDM, CZMC, XSSX, ANYS, YWMC)
values ('cjlrmmsz', '设置录入密码', '22', 'glyphicon glyphicon-lock', '');

insert into niutal_xtgl_czdmb (CZDM, CZMC, XSSX, ANYS, YWMC)
values ('sccjewm', '启动二维码生成线程', '100', 'glyphicon glyphicon-qrcode', 'Start Thread Generating QR Code');

insert into niutal_xtgl_czdmb (CZDM, CZMC, XSSX, ANYS, YWMC)
values ('tzcjewm', '停止二维码生成线程', '101', 'glyphicon glyphicon-stop', 'Stop Thread Generating QR Code');

insert into niutal_xtgl_czdmb (CZDM, CZMC, XSSX, ANYS, YWMC)
values ('whrs', '维护人数', '34', 'icon-file-text-alt', 'People No. Mantenance');

insert into niutal_xtgl_czdmb (CZDM, CZMC, XSSX, ANYS, YWMC)
values ('tzkb', '调整课表', '5', 'icon-gears', 'Curriculums');

insert into niutal_xtgl_czdmb (CZDM, CZMC, XSSX, ANYS, YWMC)
values ('qkzb', '指标清空', '0', 'glyphicon glyphicon-trash', 'Clean up Indexes');

insert into niutal_xtgl_czdmb (CZDM, CZMC, XSSX, ANYS, YWMC)
values ('pkrwtj', '排课任务统计', '0', 'glyphicon glyphicon-stats', 'Statistics of Courses Arrangement Tasks');

insert into niutal_xtgl_czdmb (CZDM, CZMC, XSSX, ANYS, YWMC)
values ('zjzdycd', '增加自定义菜单/功能', '103', 'glyphicon glyphicon-plus', '');

insert into niutal_xtgl_czdmb (CZDM, CZMC, XSSX, ANYS, YWMC)
values ('xgzdycd', '修改自定义菜单/功能', '104', 'glyphicon glyphicon-edit', '');

insert into niutal_xtgl_czdmb (CZDM, CZMC, XSSX, ANYS, YWMC)
values ('sczdycd', '删除自定义菜单/功能', '108', 'glyphicon glyphicon-remove', '');

insert into niutal_xtgl_czdmb (CZDM, CZMC, XSSX, ANYS, YWMC)
values ('xzzdycd', '下载自定义功能升级SQL', '110', 'glyphicon glyphicon-cloud-download', '');

insert into niutal_xtgl_czdmb (CZDM, CZMC, XSSX, ANYS, YWMC)
values ('sczdyym', '生成自定义界面', '112', 'glyphicon glyphicon-repeat', '');

insert into niutal_xtgl_czdmb (CZDM, CZMC, XSSX, ANYS, YWMC)
values ('zjzdyan', '增加自定义按钮', '103', 'glyphicon glyphicon-plus', '');

insert into niutal_xtgl_czdmb (CZDM, CZMC, XSSX, ANYS, YWMC)
values ('xgzdyan', '修改自定义按钮', '104', 'glyphicon glyphicon-edit', '');

insert into niutal_xtgl_czdmb (CZDM, CZMC, XSSX, ANYS, YWMC)
values ('bjzdyanz', '修改自定义按钮组', '105', 'glyphicon glyphicon-edit', '');

insert into niutal_xtgl_czdmb (CZDM, CZMC, XSSX, ANYS, YWMC)
values ('sczdyan', '删除自定义按钮', '106', 'glyphicon glyphicon-remove', '');

insert into niutal_xtgl_czdmb (CZDM, CZMC, XSSX, ANYS, YWMC)
values ('zjzdyys', '增加自定义元素', '108', 'glyphicon glyphicon-plus', '');

insert into niutal_xtgl_czdmb (CZDM, CZMC, XSSX, ANYS, YWMC)
values ('xgzdyys', '修改自定义元素', '110', 'glyphicon glyphicon-edit', '');

insert into niutal_xtgl_czdmb (CZDM, CZMC, XSSX, ANYS, YWMC)
values ('sczdyys', '删除自定义元素', '115', 'glyphicon glyphicon-remove', '');

insert into niutal_xtgl_czdmb (CZDM, CZMC, XSSX, ANYS, YWMC)
values ('zjysst', '绑定元素实体', '120', 'glyphicon glyphicon-edit', '');

insert into niutal_xtgl_czdmb (CZDM, CZMC, XSSX, ANYS, YWMC)
values ('scysst', '删除元素实体', '125', 'glyphicon glyphicon-remove', '');

insert into niutal_xtgl_czdmb (CZDM, CZMC, XSSX, ANYS, YWMC)
values ('bjfunczy', '编辑功能自定义资源', '110', 'glyphicon glyphicon-edit', '');

insert into niutal_xtgl_czdmb (CZDM, CZMC, XSSX, ANYS, YWMC)
values ('report_dy', '报表打印', '72', 'glyphicon glyphicon-print bigger-100', '');

insert into niutal_xtgl_czdmb (CZDM, CZMC, XSSX, ANYS, YWMC)
values ('report_sc', '报表输出', '75', 'glyphicon glyphicon-export bigger-100', '');

insert into niutal_xtgl_czdmb (CZDM, CZMC, XSSX, ANYS, YWMC)
values ('zjxs', '增加学生', '10', 'glyphicon glyphicon-plus', 'Add Students');

insert into niutal_xtgl_czdmb (CZDM, CZMC, XSSX, ANYS, YWMC)
values ('rssx', '人数刷新', '3', 'glyphicon glyphicon-repeat', 'Refresh People Number');

insert into niutal_xtgl_czdmb (CZDM, CZMC, XSSX, ANYS, YWMC)
values ('kbsx', '课表刷新', '4', 'glyphicon glyphicon-repeat', 'Refresh Curriculums');

insert into niutal_xtgl_czdmb (CZDM, CZMC, XSSX, ANYS, YWMC)
values ('kcxzXftjDc', '导出', '2', 'glyphicon glyphicon-export', 'Export');

insert into niutal_xtgl_czdmb (CZDM, CZMC, XSSX, ANYS, YWMC)
values ('kcxzXftjCx', '查询', '1', 'glyphicon glyphicon-search', 'Query');

insert into niutal_xtgl_czdmb (CZDM, CZMC, XSSX, ANYS, YWMC)
values ('pldrzp', '批量导入照片', '215', 'glyphicon glyphicon-import', 'Batch Impports of Photos');

insert into niutal_xtgl_czdmb (CZDM, CZMC, XSSX, ANYS, YWMC)
values ('pldczp', '导出照片', '220', 'glyphicon glyphicon-export', 'Export Photos');

insert into niutal_xtgl_czdmb (CZDM, CZMC, XSSX, ANYS, YWMC)
values ('xsshsjsc', '学生时盒数据生成', '225', 'glyphicon glyphicon-cog', 'Generate Time-Dependent Students Data ');

insert into niutal_xtgl_czdmb (CZDM, CZMC, XSSX, ANYS, YWMC)
values ('zyffx', '专业分方向', '100', 'icon-random', 'Divide Major into Directions');

insert into niutal_xtgl_czdmb (CZDM, CZMC, XSSX, ANYS, YWMC)
values ('ys', '预审', '58', 'icon-legal', 'Pretrial ');

insert into niutal_xtgl_czdmb (CZDM, CZMC, XSSX, ANYS, YWMC)
values ('zs', '终审', '59', 'icon-legal', 'Final Review');

insert into niutal_xtgl_czdmb (CZDM, CZMC, XSSX, ANYS, YWMC)
values ('tbjs', '同步教师信息', '200', 'glyphicon glyphicon-cog', 'Synchronize Teacher Informations');

insert into niutal_xtgl_czdmb (CZDM, CZMC, XSSX, ANYS, YWMC)
values ('bkj', '不可借', '121', 'glyphicon glyphicon-stop', 'Cannot Make Use');

insert into niutal_xtgl_czdmb (CZDM, CZMC, XSSX, ANYS, YWMC)
values ('kj', '可借', '122', 'glyphicon glyphicon-play-circle', 'Allow Make Use');

insert into niutal_xtgl_czdmb (CZDM, CZMC, XSSX, ANYS, YWMC)
values ('bqy', '不启用', '31', 'glyphicon glyphicon-remove-circle', 'Disable');

insert into niutal_xtgl_czdmb (CZDM, CZMC, XSSX, ANYS, YWMC)
values ('cxsh', '撤消审核', '57', 'icon-reply-all', 'Withdraw Review');

insert into niutal_xtgl_czdmb (CZDM, CZMC, XSSX, ANYS, YWMC)
values ('qxsb', '取消申报', '3', 'icon-undo', 'Cancel Declaration ');

/*系统管理模块功能菜单*/

delete niutal_xtgl_jsgnmkdmb;
delete niutal_xtgl_jsgnmkczb;
delete niutal_xtgl_gnmkczb;
 

insert into niutal_xtgl_jsgnmkdmb (GNMKDM, GNMKMC, FJGNDM, DYYM, XSSX, CDJB, GNSYDX, YYTPLJ, MHGNMKDM, TBMHDZ, SFXS, SFZDYMK, GNMKYWMC, TBLJ, GNMKJC, GNMKYWJC)
values ('N01', '系统管理', 'N', '', '1', null, '', '', '', '', '1', '', '', '', '', '');

/*系统设置*/

insert into niutal_xtgl_jsgnmkdmb (GNMKDM, GNMKMC, FJGNDM, DYYM, XSSX, CDJB, GNSYDX, YYTPLJ, MHGNMKDM, TBMHDZ, SFXS, SFZDYMK, GNMKYWMC, TBLJ, GNMKJC, GNMKYWJC)
values ('N0101', '系统设置', 'N01', '/xtgl/xtsz_cxXtsz.html?ssmk=GGMK', '01', 2, 'gl', '', '', '', '1', '0', 'System Settings', '', '', '');

insert into niutal_xtgl_gnmkczb (GNMKDM, CZDM, SFXS, SFZDYCZ, CZMC, YWMC)
values ('N0101', 'cx', '0', '0', '', '');

insert into niutal_xtgl_gnmkczb (GNMKDM, CZDM, SFXS, SFZDYCZ, CZMC, YWMC)
values ('N0101', 'bc', '1', '0', '', '');

insert into niutal_xtgl_jsgnmkczb (JSDM, GNMKDM, CZDM, DYYM)
values ('admin', 'N0101', 'cx', '');

insert into niutal_xtgl_jsgnmkczb (JSDM, GNMKDM, CZDM, DYYM)
values ('admin', 'N0101', 'bc', '');

insert into niutal_xtgl_jsgnmkczb (JSDM, GNMKDM, CZDM, DYYM)
values ('admin', 'N0101', 'xg', '');

/*权限管理*/

insert into niutal_xtgl_jsgnmkdmb (GNMKDM, GNMKMC, FJGNDM, DYYM, XSSX, CDJB, GNSYDX, YYTPLJ, MHGNMKDM, TBMHDZ, SFXS, SFZDYMK, GNMKYWMC, TBLJ, GNMKJC, GNMKYWJC)
values ('N0102', '权限管理', 'N01', '', '2', null, '', '', '', '', '1', '', '', '', '', '');

/*角色管理*/
insert into niutal_xtgl_jsgnmkdmb (GNMKDM, GNMKMC, FJGNDM, DYYM, XSSX, CDJB, GNSYDX, YYTPLJ, MHGNMKDM, TBMHDZ, SFXS, SFZDYMK, GNMKYWMC, TBLJ, GNMKJC, GNMKYWJC)
values ('N010201', '角色管理', 'N0102', '/xtgl/jsgl_cxJsxx.html', '1', null, '', '', '', '', '1', '', '', '', '', '');

insert into niutal_xtgl_gnmkczb (GNMKDM, CZDM, SFXS, SFZDYCZ, CZMC, YWMC)
values ('N010201', 'cx', '0', '0', '', '');

insert into niutal_xtgl_gnmkczb (GNMKDM, CZDM, SFXS, SFZDYCZ, CZMC, YWMC)
values ('N010201', 'fpyh', '', '0', '', '');

insert into niutal_xtgl_gnmkczb (GNMKDM, CZDM, SFXS, SFZDYCZ, CZMC, YWMC)
values ('N010201', 'gnsq', '', '0', '', '');

insert into niutal_xtgl_gnmkczb (GNMKDM, CZDM, SFXS, SFZDYCZ, CZMC, YWMC)
values ('N010201', 'sc', '', '0', '', '');

insert into niutal_xtgl_gnmkczb (GNMKDM, CZDM, SFXS, SFZDYCZ, CZMC, YWMC)
values ('N010201', 'sjqx', '', '0', '', '');

insert into niutal_xtgl_gnmkczb (GNMKDM, CZDM, SFXS, SFZDYCZ, CZMC, YWMC)
values ('N010201', 'xg', '', '0', '', '');

insert into niutal_xtgl_gnmkczb (GNMKDM, CZDM, SFXS, SFZDYCZ, CZMC, YWMC)
values ('N010201', 'xzzjs', '', '0', '', '');

insert into niutal_xtgl_gnmkczb (GNMKDM, CZDM, SFXS, SFZDYCZ, CZMC, YWMC)
values ('N010201', 'zj', '', '0', '', '');

insert into niutal_xtgl_jsgnmkczb (JSDM, GNMKDM, CZDM, DYYM)
values ('admin', 'N010201', 'cx', '');

insert into niutal_xtgl_jsgnmkczb (JSDM, GNMKDM, CZDM, DYYM)
values ('admin', 'N010201', 'dc', '');

insert into niutal_xtgl_jsgnmkczb (JSDM, GNMKDM, CZDM, DYYM)
values ('admin', 'N010201', 'gnsq', '');

insert into niutal_xtgl_jsgnmkczb (JSDM, GNMKDM, CZDM, DYYM)
values ('admin', 'N010201', 'sc', '');

insert into niutal_xtgl_jsgnmkczb (JSDM, GNMKDM, CZDM, DYYM)
values ('admin', 'N010201', 'xg', '');

insert into niutal_xtgl_jsgnmkczb (JSDM, GNMKDM, CZDM, DYYM)
values ('admin', 'N010201', 'xzzjs', '');

insert into niutal_xtgl_jsgnmkczb (JSDM, GNMKDM, CZDM, DYYM)
values ('admin', 'N010201', 'zj', '');

/*用户管理*/

insert into niutal_xtgl_jsgnmkdmb (GNMKDM, GNMKMC, FJGNDM, DYYM, XSSX, CDJB, GNSYDX, YYTPLJ, MHGNMKDM, TBMHDZ, SFXS, SFZDYMK, GNMKYWMC, TBLJ, GNMKJC, GNMKYWJC)
values ('N010202', '用户管理', 'N0102', '/xtgl/yhgl_cxYhxx.html', '2', null, '', '', '', '', '1', '', '', '', '', '');

insert into niutal_xtgl_gnmkczb (GNMKDM, CZDM, SFXS, SFZDYCZ, CZMC, YWMC)
values ('N010202', 'cx', '0', '0', '', '');

insert into niutal_xtgl_gnmkczb (GNMKDM, CZDM, SFXS, SFZDYCZ, CZMC, YWMC)
values ('N010202', 'ck', '', '0', '', '');

insert into niutal_xtgl_gnmkczb (GNMKDM, CZDM, SFXS, SFZDYCZ, CZMC, YWMC)
values ('N010202', 'mmcsh', '', '0', '', '');

insert into niutal_xtgl_gnmkczb (GNMKDM, CZDM, SFXS, SFZDYCZ, CZMC, YWMC)
values ('N010202', 'sc', '', '0', '', '');

insert into niutal_xtgl_gnmkczb (GNMKDM, CZDM, SFXS, SFZDYCZ, CZMC, YWMC)
values ('N010202', 'szssjs', '', '0', '', '');

insert into niutal_xtgl_gnmkczb (GNMKDM, CZDM, SFXS, SFZDYCZ, CZMC, YWMC)
values ('N010202', 'xg', '', '0', '', '');

insert into niutal_xtgl_gnmkczb (GNMKDM, CZDM, SFXS, SFZDYCZ, CZMC, YWMC)
values ('N010202', 'zj', '', '0', '', '');

insert into niutal_xtgl_jsgnmkczb (JSDM, GNMKDM, CZDM, DYYM)
values ('admin', 'N010202', 'cx', '');

insert into niutal_xtgl_jsgnmkczb (JSDM, GNMKDM, CZDM, DYYM)
values ('admin', 'N010202', 'ck', '');

insert into niutal_xtgl_jsgnmkczb (JSDM, GNMKDM, CZDM, DYYM)
values ('admin', 'N010202', 'mmcsh', '');

insert into niutal_xtgl_jsgnmkczb (JSDM, GNMKDM, CZDM, DYYM)
values ('admin', 'N010202', 'sc', '');

insert into niutal_xtgl_jsgnmkczb (JSDM, GNMKDM, CZDM, DYYM)
values ('admin', 'N010202', 'szssjs', '');

insert into niutal_xtgl_jsgnmkczb (JSDM, GNMKDM, CZDM, DYYM)
values ('admin', 'N010202', 'xg', '');

insert into niutal_xtgl_jsgnmkczb (JSDM, GNMKDM, CZDM, DYYM)
values ('admin', 'N010202', 'zj', '');

/*学生数据归属范围*/

insert into niutal_xtgl_jsgnmkdmb (GNMKDM, GNMKMC, FJGNDM, DYYM, XSSX, CDJB, GNSYDX, YYTPLJ, MHGNMKDM, TBMHDZ, SFXS, SFZDYMK, GNMKYWMC, TBLJ, GNMKJC, GNMKYWJC)
values ('N010205', '学生数据归属范围', 'N0102', '/xtgl/dataRange_cxSjfwszIndex.html', '5', 3, '', 'grxxcx', '', '', '1', '0', 'Scope of Students Data', '', '', '');

insert into niutal_xtgl_gnmkczb (GNMKDM, CZDM, SFXS, SFZDYCZ, CZMC, YWMC)
values ('N010205', 'cx', '0', '0', '', '');

insert into niutal_xtgl_gnmkczb (GNMKDM, CZDM, SFXS, SFZDYCZ, CZMC, YWMC)
values ('N010205', 'plsjsq', '1', '0', '', '');

insert into niutal_xtgl_gnmkczb (GNMKDM, CZDM, SFXS, SFZDYCZ, CZMC, YWMC)
values ('N010205', 'sjsq', '1', '0', '', '');

insert into niutal_xtgl_jsgnmkczb (JSDM, GNMKDM, CZDM, DYYM)
values ('admin', 'N010205', 'cx', '');

insert into niutal_xtgl_jsgnmkczb (JSDM, GNMKDM, CZDM, DYYM)
values ('admin', 'N010205', 'plsjsq', '');

insert into niutal_xtgl_jsgnmkczb (JSDM, GNMKDM, CZDM, DYYM)
values ('admin', 'N010205', 'sjsq', '');


/*课程数据归属范围*/

insert into niutal_xtgl_jsgnmkdmb (GNMKDM, GNMKMC, FJGNDM, DYYM, XSSX, CDJB, GNSYDX, YYTPLJ, MHGNMKDM, TBMHDZ, SFXS, SFZDYMK, GNMKYWMC, TBLJ, GNMKJC, GNMKYWJC)
values ('N010210', '课程数据归属范围', 'N0102', '/xtgl/dataRange_cxKcsjfwszIndex.html', '5', 3, '', 'jxrwgl', '', '', '1', '0', 'Scope of Courses Data', '', '', '');

insert into niutal_xtgl_gnmkczb (GNMKDM, CZDM, SFXS, SFZDYCZ, CZMC, YWMC)
values ('N010210', 'cx', '0', '0', '', '');

insert into niutal_xtgl_gnmkczb (GNMKDM, CZDM, SFXS, SFZDYCZ, CZMC, YWMC)
values ('N010210', 'plsjsq', '1', '0', '', '');

insert into niutal_xtgl_gnmkczb (GNMKDM, CZDM, SFXS, SFZDYCZ, CZMC, YWMC)
values ('N010210', 'sjsq', '1', '0', '', '');

insert into niutal_xtgl_jsgnmkczb (JSDM, GNMKDM, CZDM, DYYM)
values ('admin', 'N010210', 'cx', '');

insert into niutal_xtgl_jsgnmkczb (JSDM, GNMKDM, CZDM, DYYM)
values ('admin', 'N010210', 'plsjsq', '');

insert into niutal_xtgl_jsgnmkczb (JSDM, GNMKDM, CZDM, DYYM)
values ('admin', 'N010210', 'sjsq', '');

/*教师数据归属范围*/

insert into niutal_xtgl_jsgnmkdmb (GNMKDM, GNMKMC, FJGNDM, DYYM, XSSX, CDJB, GNSYDX, YYTPLJ, MHGNMKDM, TBMHDZ, SFXS, SFZDYMK, GNMKYWMC, TBLJ, GNMKJC, GNMKYWJC)
values ('N010215', '教师数据归属范围', 'N0102', '/xtgl/dataRange_cxJsbmSjfwszIndex.html', '5', 3, 'gl', '', '', '', '1', '0', '', '', '', '');

insert into niutal_xtgl_gnmkczb (GNMKDM, CZDM, SFXS, SFZDYCZ, CZMC, YWMC)
values ('N010215', 'cx', '0', '0', '', '');

insert into niutal_xtgl_gnmkczb (GNMKDM, CZDM, SFXS, SFZDYCZ, CZMC, YWMC)
values ('N010215', 'plsjsq', '1', '0', '', '');

insert into niutal_xtgl_gnmkczb (GNMKDM, CZDM, SFXS, SFZDYCZ, CZMC, YWMC)
values ('N010215', 'sjsq', '1', '0', '', '');

insert into niutal_xtgl_jsgnmkczb (JSDM, GNMKDM, CZDM, DYYM)
values ('admin', 'N010215', 'cx', '');

insert into niutal_xtgl_jsgnmkczb (JSDM, GNMKDM, CZDM, DYYM)
values ('admin', 'N010215', 'plsjsq', '');

insert into niutal_xtgl_jsgnmkczb (JSDM, GNMKDM, CZDM, DYYM)
values ('admin', 'N010215', 'sjsq', '');


/*场地数据归属范围*/

insert into niutal_xtgl_jsgnmkdmb (GNMKDM, GNMKMC, FJGNDM, DYYM, XSSX, CDJB, GNSYDX, YYTPLJ, MHGNMKDM, TBMHDZ, SFXS, SFZDYMK, GNMKYWMC, TBLJ, GNMKJC, GNMKYWJC)
values ('N010220', '场地数据归属范围', 'N0102', '/xtgl/dataRange_cxCdtgbmSjfwszIndex.html', '5', 3, 'gl', '', '', '', '1', '0', '', '', '', '');

insert into niutal_xtgl_gnmkczb (GNMKDM, CZDM, SFXS, SFZDYCZ, CZMC, YWMC)
values ('N010220', 'cx', '0', '0', '', '');

insert into niutal_xtgl_gnmkczb (GNMKDM, CZDM, SFXS, SFZDYCZ, CZMC, YWMC)
values ('N010220', 'plsjsq', '1', '0', '', '');

insert into niutal_xtgl_gnmkczb (GNMKDM, CZDM, SFXS, SFZDYCZ, CZMC, YWMC)
values ('N010220', 'sjsq', '1', '0', '', '');

insert into niutal_xtgl_jsgnmkczb (JSDM, GNMKDM, CZDM, DYYM)
values ('admin', 'N010220', 'cx', '');

insert into niutal_xtgl_jsgnmkczb (JSDM, GNMKDM, CZDM, DYYM)
values ('admin', 'N010220', 'plsjsq', '');

insert into niutal_xtgl_jsgnmkczb (JSDM, GNMKDM, CZDM, DYYM)
values ('admin', 'N010220', 'sjsq', '');

/*基础数据维护*/

insert into niutal_xtgl_jsgnmkdmb (GNMKDM, GNMKMC, FJGNDM, DYYM, XSSX, CDJB, GNSYDX, YYTPLJ, MHGNMKDM, TBMHDZ, SFXS, SFZDYMK, GNMKYWMC, TBLJ, GNMKJC, GNMKYWJC)
values ('N0105', '基础数据维护', 'N01', '', '5', null, '', '', '', '', '1', '', '', '', '', '');

/*基础数据维护*/

insert into niutal_xtgl_jsgnmkdmb (GNMKDM, GNMKMC, FJGNDM, DYYM, XSSX, CDJB, GNSYDX, YYTPLJ, MHGNMKDM, TBMHDZ, SFXS, SFZDYMK, GNMKYWMC, TBLJ, GNMKJC, GNMKYWJC)
values ('N010501', '基础数据维护', 'N0105', '/xtgl/jcsj_cxJcsj.html', '1', null, '', '', '', '', '1', '', '', '', '', '');

insert into niutal_xtgl_gnmkczb (GNMKDM, CZDM, SFXS, SFZDYCZ, CZMC, YWMC)
values ('N010501', 'cx', '0', '0', '', '');

insert into niutal_xtgl_gnmkczb (GNMKDM, CZDM, SFXS, SFZDYCZ, CZMC, YWMC)
values ('N010501', 'dc', '', '0', '', '');

insert into niutal_xtgl_gnmkczb (GNMKDM, CZDM, SFXS, SFZDYCZ, CZMC, YWMC)
values ('N010501', 'sc', '', '0', '', '');

insert into niutal_xtgl_gnmkczb (GNMKDM, CZDM, SFXS, SFZDYCZ, CZMC, YWMC)
values ('N010501', 'xg', '', '0', '', '');

insert into niutal_xtgl_gnmkczb (GNMKDM, CZDM, SFXS, SFZDYCZ, CZMC, YWMC)
values ('N010501', 'zj', '', '0', '', '');

insert into niutal_xtgl_jsgnmkczb (JSDM, GNMKDM, CZDM, DYYM)
values ('admin', 'N010501', 'cx', '');

insert into niutal_xtgl_jsgnmkczb (JSDM, GNMKDM, CZDM, DYYM)
values ('admin', 'N010501', 'dc', '');

insert into niutal_xtgl_jsgnmkczb (JSDM, GNMKDM, CZDM, DYYM)
values ('admin', 'N010501', 'sc', '');

insert into niutal_xtgl_jsgnmkczb (JSDM, GNMKDM, CZDM, DYYM)
values ('admin', 'N010501', 'xg', '');

insert into niutal_xtgl_jsgnmkczb (JSDM, GNMKDM, CZDM, DYYM)
values ('admin', 'N010501', 'zj', '');

/*学校信息*/

insert into niutal_xtgl_jsgnmkdmb (GNMKDM, GNMKMC, FJGNDM, DYYM, XSSX, CDJB, GNSYDX, YYTPLJ, MHGNMKDM, TBMHDZ, SFXS, SFZDYMK, GNMKYWMC, TBLJ, GNMKJC, GNMKYWJC)
values ('N010510', '学校信息', 'N0105', '/xtgl/xxxxsz_cxXxxxszIndex.html', '10', 3, '', 'jxrwcx34', '', '', '1', '0', 'School Information', '', '', '');

insert into niutal_xtgl_gnmkczb (GNMKDM, CZDM, SFXS, SFZDYCZ, CZMC, YWMC)
values ('N010510', 'cx', '0', '0', '', '');

insert into niutal_xtgl_gnmkczb (GNMKDM, CZDM, SFXS, SFZDYCZ, CZMC, YWMC)
values ('N010510', 'xg', '', '0', '', '');


insert into niutal_xtgl_jsgnmkczb (JSDM, GNMKDM, CZDM, DYYM)
values ('admin', 'N010510', 'cx', '');


insert into niutal_xtgl_jsgnmkczb (JSDM, GNMKDM, CZDM, DYYM)
values ('admin', 'N010510', 'xg', '');

/*机构信息维护*/

insert into niutal_xtgl_jsgnmkdmb (GNMKDM, GNMKMC, FJGNDM, DYYM, XSSX, CDJB, GNSYDX, YYTPLJ, MHGNMKDM, TBMHDZ, SFXS, SFZDYMK, GNMKYWMC, TBLJ, GNMKJC, GNMKYWJC)
values ('N010515', '机构信息维护', 'N0105', '/xtgl/jgxx_cxJgxx.html', '15', null, '', '', '', '', '1', '0', '', '', '', '');

insert into niutal_xtgl_gnmkczb (GNMKDM, CZDM, SFXS, SFZDYCZ, CZMC, YWMC)
values ('N010515', 'cx', '0', '0', '', '');

insert into niutal_xtgl_gnmkczb (GNMKDM, CZDM, SFXS, SFZDYCZ, CZMC, YWMC)
values ('N010515', 'sc', '1', '0', '', '');

insert into niutal_xtgl_gnmkczb (GNMKDM, CZDM, SFXS, SFZDYCZ, CZMC, YWMC)
values ('N010515', 'xg', '1', '0', '', '');

insert into niutal_xtgl_gnmkczb (GNMKDM, CZDM, SFXS, SFZDYCZ, CZMC, YWMC)
values ('N010515', 'zj', '1', '0', '', '');

insert into niutal_xtgl_jsgnmkczb (JSDM, GNMKDM, CZDM, DYYM)
values ('admin', 'N010515', 'cx', '');

insert into niutal_xtgl_jsgnmkczb (JSDM, GNMKDM, CZDM, DYYM)
values ('admin', 'N010515', 'sc', '');

insert into niutal_xtgl_jsgnmkczb (JSDM, GNMKDM, CZDM, DYYM)
values ('admin', 'N010515', 'xg', '');

insert into niutal_xtgl_jsgnmkczb (JSDM, GNMKDM, CZDM, DYYM)
values ('admin', 'N010515', 'zj', '');

/*年级代码维护*/

insert into niutal_xtgl_jsgnmkdmb (GNMKDM, GNMKMC, FJGNDM, DYYM, XSSX, CDJB, GNSYDX, YYTPLJ, MHGNMKDM, TBMHDZ, SFXS, SFZDYMK, GNMKYWMC, TBLJ, GNMKJC, GNMKYWJC)
values ('N010520', '年级代码维护', 'N0105', '/cygn/jcdm_cxJcdmIndex.html?table=niutal_xtgl_njdmb', '20', null, '', 'jxrwcx34', '', '', '1', '0', 'Grades Code Maintenance', '', '', '');

insert into niutal_xtgl_gnmkczb (GNMKDM, CZDM, SFXS, SFZDYCZ, CZMC, YWMC)
values ('N010520', 'cx', '0', '0', '', '');

insert into niutal_xtgl_gnmkczb (GNMKDM, CZDM, SFXS, SFZDYCZ, CZMC, YWMC)
values ('N010520', 'sc', '1', '0', '', '');

insert into niutal_xtgl_gnmkczb (GNMKDM, CZDM, SFXS, SFZDYCZ, CZMC, YWMC)
values ('N010520', 'xg', '1', '0', '', '');

insert into niutal_xtgl_gnmkczb (GNMKDM, CZDM, SFXS, SFZDYCZ, CZMC, YWMC)
values ('N010520', 'zj', '1', '0', '', '');

insert into niutal_xtgl_jsgnmkczb (JSDM, GNMKDM, CZDM, DYYM)
values ('admin', 'N010520', 'cx', '');

insert into niutal_xtgl_jsgnmkczb (JSDM, GNMKDM, CZDM, DYYM)
values ('admin', 'N010520', 'sc', '');

insert into niutal_xtgl_jsgnmkczb (JSDM, GNMKDM, CZDM, DYYM)
values ('admin', 'N010520', 'xg', '');

insert into niutal_xtgl_jsgnmkczb (JSDM, GNMKDM, CZDM, DYYM)
values ('admin', 'N010520', 'zj', '');

/*专业信息维护*/

insert into niutal_xtgl_jsgnmkdmb (GNMKDM, GNMKMC, FJGNDM, DYYM, XSSX, CDJB, GNSYDX, YYTPLJ, MHGNMKDM, TBMHDZ, SFXS, SFZDYMK, GNMKYWMC, TBLJ, GNMKJC, GNMKYWJC)
values ('N010525', '专业信息维护', 'N0105', '/xqxx/zyxx_cxZyxx.html', '25', null, '', 'zxzyqr', '', '', '1', '0', 'Major Information Maintenance', '', '', '');

insert into niutal_xtgl_gnmkczb (GNMKDM, CZDM, SFXS, SFZDYCZ, CZMC, YWMC)
values ('N010525', 'cx', '0', '0', '', '');

insert into niutal_xtgl_gnmkczb (GNMKDM, CZDM, SFXS, SFZDYCZ, CZMC, YWMC)
values ('N010525', 'qy', '1', '0', '', '');

insert into niutal_xtgl_gnmkczb (GNMKDM, CZDM, SFXS, SFZDYCZ, CZMC, YWMC)
values ('N010525', 'sc', '1', '0', '', '');

insert into niutal_xtgl_gnmkczb (GNMKDM, CZDM, SFXS, SFZDYCZ, CZMC, YWMC)
values ('N010525', 'ty', '1', '0', '', '');

insert into niutal_xtgl_gnmkczb (GNMKDM, CZDM, SFXS, SFZDYCZ, CZMC, YWMC)
values ('N010525', 'xg', '1', '0', '', '');

insert into niutal_xtgl_gnmkczb (GNMKDM, CZDM, SFXS, SFZDYCZ, CZMC, YWMC)
values ('N010525', 'zj', '1', '0', '', '');

insert into niutal_xtgl_jsgnmkczb (JSDM, GNMKDM, CZDM, DYYM)
values ('admin', 'N010525', 'cx', '');

insert into niutal_xtgl_jsgnmkczb (JSDM, GNMKDM, CZDM, DYYM)
values ('admin', 'N010525', 'qy', '');

insert into niutal_xtgl_jsgnmkczb (JSDM, GNMKDM, CZDM, DYYM)
values ('admin', 'N010525', 'sc', '');

insert into niutal_xtgl_jsgnmkczb (JSDM, GNMKDM, CZDM, DYYM)
values ('admin', 'N010525', 'ty', '');

insert into niutal_xtgl_jsgnmkczb (JSDM, GNMKDM, CZDM, DYYM)
values ('admin', 'N010525', 'xg', '');

insert into niutal_xtgl_jsgnmkczb (JSDM, GNMKDM, CZDM, DYYM)
values ('admin', 'N010525', 'zj', '');

/*学信专业维护*/

insert into niutal_xtgl_jsgnmkdmb (GNMKDM, GNMKMC, FJGNDM, DYYM, XSSX, CDJB, GNSYDX, YYTPLJ, MHGNMKDM, TBMHDZ, SFXS, SFZDYMK, GNMKYWMC, TBLJ, GNMKJC, GNMKYWJC)
values ('N010526', '学信专业维护', 'N0105', '/xtgl/xxzy_cxXxzyxx.html', '26', 3, '', '', '', '', '1', '0', 'CHSI Major Maintenance', '', '', '');

insert into niutal_xtgl_gnmkczb (GNMKDM, CZDM, SFXS, SFZDYCZ, CZMC, YWMC)
values ('N010526', 'cx', '0', '0', '', '');

insert into niutal_xtgl_gnmkczb (GNMKDM, CZDM, SFXS, SFZDYCZ, CZMC, YWMC)
values ('N010526', 'sc', '1', '0', '', '');

insert into niutal_xtgl_gnmkczb (GNMKDM, CZDM, SFXS, SFZDYCZ, CZMC, YWMC)
values ('N010526', 'xg', '1', '0', '', '');

insert into niutal_xtgl_gnmkczb (GNMKDM, CZDM, SFXS, SFZDYCZ, CZMC, YWMC)
values ('N010526', 'zj', '1', '0', '', '');

insert into niutal_xtgl_jsgnmkczb (JSDM, GNMKDM, CZDM, DYYM)
values ('admin', 'N010526', 'cx', '');

insert into niutal_xtgl_jsgnmkczb (JSDM, GNMKDM, CZDM, DYYM)
values ('admin', 'N010526', 'sc', '');

insert into niutal_xtgl_jsgnmkczb (JSDM, GNMKDM, CZDM, DYYM)
values ('admin', 'N010526', 'xg', '');

insert into niutal_xtgl_jsgnmkczb (JSDM, GNMKDM, CZDM, DYYM)
values ('admin', 'N010526', 'zj', '');

/*校区信息维护*/

insert into niutal_xtgl_jsgnmkdmb (GNMKDM, GNMKMC, FJGNDM, DYYM, XSSX, CDJB, GNSYDX, YYTPLJ, MHGNMKDM, TBMHDZ, SFXS, SFZDYMK, GNMKYWMC, TBLJ, GNMKJC, GNMKYWJC)
values ('N010527', '校区信息维护', 'N0105', '/xtgl/xqxx_cxXqxx.html', '27', null, '', '', '', '', '1', '0', 'Campuses Information Maintenance', '', '', '');

insert into niutal_xtgl_gnmkczb (GNMKDM, CZDM, SFXS, SFZDYCZ, CZMC, YWMC)
values ('N010527', 'cx', '0', '0', '', '');

insert into niutal_xtgl_gnmkczb (GNMKDM, CZDM, SFXS, SFZDYCZ, CZMC, YWMC)
values ('N010527', 'sc', '1', '0', '', '');

insert into niutal_xtgl_gnmkczb (GNMKDM, CZDM, SFXS, SFZDYCZ, CZMC, YWMC)
values ('N010527', 'xg', '1', '0', '', '');

insert into niutal_xtgl_gnmkczb (GNMKDM, CZDM, SFXS, SFZDYCZ, CZMC, YWMC)
values ('N010527', 'zj', '1', '0', '', '');

insert into niutal_xtgl_jsgnmkczb (JSDM, GNMKDM, CZDM, DYYM)
values ('admin', 'N010527', 'cx', '');

insert into niutal_xtgl_jsgnmkczb (JSDM, GNMKDM, CZDM, DYYM)
values ('admin', 'N010527', 'sc', '');

insert into niutal_xtgl_jsgnmkczb (JSDM, GNMKDM, CZDM, DYYM)
values ('admin', 'N010527', 'xg', '');

insert into niutal_xtgl_jsgnmkczb (JSDM, GNMKDM, CZDM, DYYM)
values ('admin', 'N010527', 'zj', '');

/*功能开放时间控制*/

insert into niutal_xtgl_jsgnmkdmb (GNMKDM, GNMKMC, FJGNDM, DYYM, XSSX, CDJB, GNSYDX, YYTPLJ, MHGNMKDM, TBMHDZ, SFXS, SFZDYMK, GNMKYWMC, TBLJ, GNMKJC, GNMKYWJC)
values ('N010530', '功能开放时间控制', 'N0105', '/xtgl/timeSetting_cxSettingTimeIndex.html', '30', 3, 'gl', '', '', '', '1', '0', 'Set Time Range in Functional Module', '', '', '');

insert into niutal_xtgl_gnmkczb (GNMKDM, CZDM, SFXS, SFZDYCZ, CZMC, YWMC)
values ('N010530', 'cx', '1', '0', '', '');

insert into niutal_xtgl_gnmkczb (GNMKDM, CZDM, SFXS, SFZDYCZ, CZMC, YWMC)
values ('N010530', 'bc', '1', '0', '', '');

insert into niutal_xtgl_jsgnmkczb (JSDM, GNMKDM, CZDM, DYYM)
values ('admin', 'N010530', 'cx', '');

insert into niutal_xtgl_jsgnmkczb (JSDM, GNMKDM, CZDM, DYYM)
values ('admin', 'N010530', 'bc', '');

/*用户邮箱维护*/

insert into niutal_xtgl_jsgnmkdmb (GNMKDM, GNMKMC, FJGNDM, DYYM, XSSX, CDJB, GNSYDX, YYTPLJ, MHGNMKDM, TBMHDZ, SFXS, SFZDYMK, GNMKYWMC, TBLJ, GNMKJC, GNMKYWJC)
values ('N010535', '用户邮箱维护', 'N0105', '/cygn/jcdm_cxJcdmIndex.html?table=niutal_xtgl_yjfszhxxb', '35', 3, '', '', 'N010535', '', '1', '0', 'User E-mail Address Maintenance', '', '', '');

insert into niutal_xtgl_gnmkczb (GNMKDM, CZDM, SFXS, SFZDYCZ, CZMC, YWMC)
values ('N010535', 'cx', '0', '0', '', '');

insert into niutal_xtgl_gnmkczb (GNMKDM, CZDM, SFXS, SFZDYCZ, CZMC, YWMC)
values ('N010535', 'ckmm', '1', '0', '', '');

insert into niutal_xtgl_gnmkczb (GNMKDM, CZDM, SFXS, SFZDYCZ, CZMC, YWMC)
values ('N010535', 'sc', '1', '0', '', '');

insert into niutal_xtgl_gnmkczb (GNMKDM, CZDM, SFXS, SFZDYCZ, CZMC, YWMC)
values ('N010535', 'xg', '1', '0', '', '');

insert into niutal_xtgl_gnmkczb (GNMKDM, CZDM, SFXS, SFZDYCZ, CZMC, YWMC)
values ('N010535', 'zj', '1', '0', '', '');

insert into niutal_xtgl_jsgnmkczb (JSDM, GNMKDM, CZDM, DYYM)
values ('admin', 'N010535', 'cx', '');

insert into niutal_xtgl_jsgnmkczb (JSDM, GNMKDM, CZDM, DYYM)
values ('admin', 'N010535', 'ckmm', '');

insert into niutal_xtgl_jsgnmkczb (JSDM, GNMKDM, CZDM, DYYM)
values ('admin', 'N010535', 'sc', '');

insert into niutal_xtgl_jsgnmkczb (JSDM, GNMKDM, CZDM, DYYM)
values ('admin', 'N010535', 'xg', '');

insert into niutal_xtgl_jsgnmkczb (JSDM, GNMKDM, CZDM, DYYM)
values ('admin', 'N010535', 'zj', '');

/*功能操作描述*/

insert into niutal_xtgl_jsgnmkdmb (GNMKDM, GNMKMC, FJGNDM, DYYM, XSSX, CDJB, GNSYDX, YYTPLJ, MHGNMKDM, TBMHDZ, SFXS, SFZDYMK, GNMKYWMC, TBLJ, GNMKJC, GNMKYWJC)
values ('N0107', '功能操作描述', 'N01', '/xtgl/xtczms_cxXtczmsIndex.html', '1', 2, 'gl', '', '', '0', '1', '0', 'Descriptions of Functions Operations ', '', '', '');

insert into niutal_xtgl_gnmkczb (GNMKDM, CZDM, SFXS, SFZDYCZ, CZMC, YWMC)
values ('N0107', 'cx', '0', '0', '', '');

insert into niutal_xtgl_gnmkczb (GNMKDM, CZDM, SFXS, SFZDYCZ, CZMC, YWMC)
values ('N0107', 'xg', '1', '0', '', '');

insert into niutal_xtgl_jsgnmkczb (JSDM, GNMKDM, CZDM, DYYM)
values ('admin', 'N0107', 'cx', '');

insert into niutal_xtgl_jsgnmkczb (JSDM, GNMKDM, CZDM, DYYM)
values ('admin', 'N0107', 'xg', '');

/*批量数据修改设置*/

insert into niutal_xtgl_jsgnmkdmb (GNMKDM, GNMKMC, FJGNDM, DYYM, XSSX, CDJB, GNSYDX, YYTPLJ, MHGNMKDM, TBMHDZ, SFXS, SFZDYMK, GNMKYWMC, TBLJ, GNMKJC, GNMKYWJC)
values ('N0108', '批量数据修改设置', 'N01', '/xtgl/plxg_cxPlxgIndex.html', '1', 2, 'gl', '', '', '0', '1', '0', 'Batch Data Processing Settings', '', '', '');

insert into niutal_xtgl_gnmkczb (GNMKDM, CZDM, SFXS, SFZDYCZ, CZMC, YWMC)
values ('N0108', 'cx', '0', '0', '', '');

insert into niutal_xtgl_gnmkczb (GNMKDM, CZDM, SFXS, SFZDYCZ, CZMC, YWMC)
values ('N0108', 'sz', '1', '0', '', '');

insert into niutal_xtgl_jsgnmkczb (JSDM, GNMKDM, CZDM, DYYM)
values ('admin', 'N0108', 'cx', '');

insert into niutal_xtgl_jsgnmkczb (JSDM, GNMKDM, CZDM, DYYM)
values ('admin', 'N0108', 'sz', '');

/*日志管理*/

insert into niutal_xtgl_jsgnmkdmb (GNMKDM, GNMKMC, FJGNDM, DYYM, XSSX, CDJB, GNSYDX, YYTPLJ, MHGNMKDM, TBMHDZ, SFXS, SFZDYMK, GNMKYWMC, TBLJ, GNMKJC, GNMKYWJC)
values ('N0109', '日志管理', 'N01', '', '9', 2, '', 'rzgl', '', '', '1', '0', 'Log Management', '', '', '');

insert into niutal_xtgl_jsgnmkdmb (GNMKDM, GNMKMC, FJGNDM, DYYM, XSSX, CDJB, GNSYDX, YYTPLJ, MHGNMKDM, TBMHDZ, SFXS, SFZDYMK, GNMKYWMC, TBLJ, GNMKJC, GNMKYWJC)
values ('N010901', '日志查看', 'N0109', '/xtgl/rzgl_cxRz.html', '1', 3, '', 'rzgl', 'N010901', '', '1', '0', 'View Log ', '', '', '');

insert into niutal_xtgl_gnmkczb (GNMKDM, CZDM, SFXS, SFZDYCZ, CZMC, YWMC)
values ('N010901', 'ck', '0', '0', '', '');

insert into niutal_xtgl_gnmkczb (GNMKDM, CZDM, SFXS, SFZDYCZ, CZMC, YWMC)
values ('N010901', 'cx', '0', '0', '', '');

insert into niutal_xtgl_gnmkczb (GNMKDM, CZDM, SFXS, SFZDYCZ, CZMC, YWMC)
values ('N010901', 'dc', '1', '0', '', '');

insert into niutal_xtgl_jsgnmkczb (JSDM, GNMKDM, CZDM, DYYM)
values ('admin', 'N010901', 'cx', '');

insert into niutal_xtgl_jsgnmkczb (JSDM, GNMKDM, CZDM, DYYM)
values ('admin', 'N010901', 'ck', '');

insert into niutal_xtgl_jsgnmkczb (JSDM, GNMKDM, CZDM, DYYM)
values ('admin', 'N010901', 'dc', '');


/*通知管理*/

insert into niutal_xtgl_jsgnmkdmb (GNMKDM, GNMKMC, FJGNDM, DYYM, XSSX, CDJB, GNSYDX, YYTPLJ, MHGNMKDM, TBMHDZ, SFXS, SFZDYMK, GNMKYWMC, TBLJ, GNMKJC, GNMKYWJC)
values ('N0110', '通知管理', 'N01', '', '10', 2, '', 'xkksq', '', '', '1', '0', 'Notification Management', '', '', '');

insert into niutal_xtgl_jsgnmkdmb (GNMKDM, GNMKMC, FJGNDM, DYYM, XSSX, CDJB, GNSYDX, YYTPLJ, MHGNMKDM, TBMHDZ, SFXS, SFZDYMK, GNMKYWMC, TBLJ, GNMKJC, GNMKYWJC)
values ('N011001', '通知发布', 'N0110', '/xtgl/xwgl_cxXw.html', '1', 3, '', 'xkksq', 'N011001', '', '1', '0', 'Notification Send', '', '', '');

insert into niutal_xtgl_gnmkczb (GNMKDM, CZDM, SFXS, SFZDYCZ, CZMC, YWMC)
values ('N011001', 'cx', '0', '0', '', '');

insert into niutal_xtgl_gnmkczb (GNMKDM, CZDM, SFXS, SFZDYCZ, CZMC, YWMC)
values ('N011001', 'ck', '', '0', '', '');

insert into niutal_xtgl_gnmkczb (GNMKDM, CZDM, SFXS, SFZDYCZ, CZMC, YWMC)
values ('N011001', 'fb', '', '0', '', '');

insert into niutal_xtgl_gnmkczb (GNMKDM, CZDM, SFXS, SFZDYCZ, CZMC, YWMC)
values ('N011001', 'qxfb', '', '0', '', '');

insert into niutal_xtgl_gnmkczb (GNMKDM, CZDM, SFXS, SFZDYCZ, CZMC, YWMC)
values ('N011001', 'qxzd', '', '0', '', '');

insert into niutal_xtgl_gnmkczb (GNMKDM, CZDM, SFXS, SFZDYCZ, CZMC, YWMC)
values ('N011001', 'sc', '', '0', '', '');

insert into niutal_xtgl_gnmkczb (GNMKDM, CZDM, SFXS, SFZDYCZ, CZMC, YWMC)
values ('N011001', 'xg', '', '0', '', '');

insert into niutal_xtgl_gnmkczb (GNMKDM, CZDM, SFXS, SFZDYCZ, CZMC, YWMC)
values ('N011001', 'zd', '', '0', '', '');

insert into niutal_xtgl_gnmkczb (GNMKDM, CZDM, SFXS, SFZDYCZ, CZMC, YWMC)
values ('N011001', 'zj', '', '0', '', '');

insert into niutal_xtgl_jsgnmkczb (JSDM, GNMKDM, CZDM, DYYM)
values ('admin', 'N011001', 'cx', '');

insert into niutal_xtgl_jsgnmkczb (JSDM, GNMKDM, CZDM, DYYM)
values ('admin', 'N011001', 'ck', '');

insert into niutal_xtgl_jsgnmkczb (JSDM, GNMKDM, CZDM, DYYM)
values ('admin', 'N011001', 'fb', '');

insert into niutal_xtgl_jsgnmkczb (JSDM, GNMKDM, CZDM, DYYM)
values ('admin', 'N011001', 'qxfb', '');

insert into niutal_xtgl_jsgnmkczb (JSDM, GNMKDM, CZDM, DYYM)
values ('admin', 'N011001', 'qxzd', '');

insert into niutal_xtgl_jsgnmkczb (JSDM, GNMKDM, CZDM, DYYM)
values ('admin', 'N011001', 'sc', '');

insert into niutal_xtgl_jsgnmkczb (JSDM, GNMKDM, CZDM, DYYM)
values ('admin', 'N011001', 'xg', '');

insert into niutal_xtgl_jsgnmkczb (JSDM, GNMKDM, CZDM, DYYM)
values ('admin', 'N011001', 'zd', '');

insert into niutal_xtgl_jsgnmkczb (JSDM, GNMKDM, CZDM, DYYM)
values ('admin', 'N011001', 'zj', '');

/*流程配置*/

insert into niutal_xtgl_jsgnmkdmb (GNMKDM, GNMKMC, FJGNDM, DYYM, XSSX, CDJB, GNSYDX, YYTPLJ, MHGNMKDM, TBMHDZ, SFXS, SFZDYMK, GNMKYWMC, TBLJ, GNMKJC, GNMKYWJC)
values ('N0115', '流程配置', 'N01', '', '15', 2, '', 'rzgl', '', '', '1', '0', 'Set Workflows ', '', '', '');

insert into niutal_xtgl_jsgnmkdmb (GNMKDM, GNMKMC, FJGNDM, DYYM, XSSX, CDJB, GNSYDX, YYTPLJ, MHGNMKDM, TBMHDZ, SFXS, SFZDYMK, GNMKYWMC, TBLJ, GNMKJC, GNMKYWJC)
values ('N011505', '流程配置', 'N0115', '/sp/spSetting_cxSpList.html', '1', 3, '', 'rzgl', 'N011505', '', '1', '0', 'Set Workflows ', '', '', '');

insert into niutal_xtgl_gnmkczb (GNMKDM, CZDM, SFXS, SFZDYCZ, CZMC, YWMC)
values ('N011505', 'cx', '0', '0', '', '');

insert into niutal_xtgl_gnmkczb (GNMKDM, CZDM, SFXS, SFZDYCZ, CZMC, YWMC)
values ('N011505', 'ck', '', '0', '', '');

insert into niutal_xtgl_gnmkczb (GNMKDM, CZDM, SFXS, SFZDYCZ, CZMC, YWMC)
values ('N011505', 'sc', '', '0', '', '');

insert into niutal_xtgl_gnmkczb (GNMKDM, CZDM, SFXS, SFZDYCZ, CZMC, YWMC)
values ('N011505', 'xg', '', '0', '', '');

insert into niutal_xtgl_gnmkczb (GNMKDM, CZDM, SFXS, SFZDYCZ, CZMC, YWMC)
values ('N011505', 'zj', '', '0', '', '');

insert into niutal_xtgl_jsgnmkczb (JSDM, GNMKDM, CZDM, DYYM)
values ('admin', 'N011505', 'cx', '');

insert into niutal_xtgl_jsgnmkczb (JSDM, GNMKDM, CZDM, DYYM)
values ('admin', 'N011505', 'ck', '');

insert into niutal_xtgl_jsgnmkczb (JSDM, GNMKDM, CZDM, DYYM)
values ('admin', 'N011505', 'sc', '');

insert into niutal_xtgl_jsgnmkczb (JSDM, GNMKDM, CZDM, DYYM)
values ('admin', 'N011505', 'xg', '');

insert into niutal_xtgl_jsgnmkczb (JSDM, GNMKDM, CZDM, DYYM)
values ('admin', 'N011505', 'zj', '');

commit;
